,_id,Doctor_Name,Location,Doctor_Specialization,Hospital_Name
0,5e5d772fb0e65991f861a3a5,Dr. Swapnil Dharmadhikari,Vileparle East,Ayurveda,Dharmadhikari Ayurveda Clinic and Research Center
1,5e5d772fb0e65991f861a3a6,Dr. Siddarth Naik,Chembur,Dentist,Dental Speciality Care
2,5e5d772fb0e65991f861a3a7,Dr. Sujit Korday,Tardeo,Orthopedist,Apollo Spectra Hospitals
3,5e5d772fb0e65991f861a3a8,Ms. Parita Shah,Powai,Counselling Psychologist,Ageless Medica Health Management Pvt. Ltd.
4,5e5d772fb0e65991f861a3a9,Dr. Shailesh Pandey,Andheri West,ENT/ Otorhinolaryngologist,Dr Pandey's Prime ENT Clinic
5,5e5d772fb0e65991f861a3aa,Dr. Irfan Khan,Powai,Cardiologist,Dr L H Hiranandani Hospital
6,5e5d772fb0e65991f861a3ab,Dr. Mohit R Saraogi,Malad West,Infertility Specialist,Saraogi Hospital & IRIS IVF Centre
7,5e5d772fb0e65991f861a3ac,Dr. Jyotsna Patel,Bhandup West,Dentist,Smile Centre Dental Clinic
8,5e5d772fb0e65991f861a3ad,Dr. Pravin Gore,Chembur,General Surgeon,Apollo Spectra Hospitals
9,5e5d772fb0e65991f861a3ae,Dr. Uday B Shetty,Dadar West,Cosmetic/Aesthetic Dentist,Perfect smile clinic
10,5e5d772fb0e65991f861a3af,Dr. Kaustubh Ravindra Durve,Chembur,Orthopedist,Apollo Spectra Hospitals
11,5e5d772fb0e65991f861a3b0,Dr. Anuj Singh,Malad West,Joint Replacement Surgeon,Vivanta Hospital
12,5e5d772fb0e65991f861a3b1,Dr. Jalpa Shah   (Physiotherapist),Malad West,Pediatric Physiotherapist,The Childrens Hospital Mumbai
13,5e5d772fb0e65991f861a3b2,Dr. Jaishree Sharad,Khar West,Cosmetologist,Skinfiniti Cosmetic and Laser Clinic
14,5e5d772fb0e65991f861a3b3,Ms. Anjum Shaikh,Andheri West,Dietitian/Nutritionist,Anjum's Diet & Wellness
15,5e5d772fb0e65991f861a3b4,Dr. Manisha Mehta,Worli,Cosmetic/Aesthetic Dentist,Smile Studio Dental Clinic
16,5e5d772fb0e65991f861a3b5,Dr. Rajul S. Parikh,Andheri East,Ophthalmologist/ Eye Surgeon,Shreeji Eye Clinic
17,5e5d772fb0e65991f861a3b6,Dr. Prasad Wankhede,Matunga,Dermatologist,Gala Skin & Hair Clinic
18,5e5d772fb0e65991f861a3b7,Dr. Neelu Jain   (Physiotherapist),Kandivali West,Physiotherapist,Alankrit Physiotherapy N Fitness
19,5e5d772fb0e65991f861a3b8,Dr. Parag Vibhakar,Ghatkopar,Plastic Surgeon,Parakh Hospital
20,5e5d772fb0e65991f861a3b9,Dr. Gaurav Kulkarni,Borivali West,Psychiatrist,Unlimited Potentialities
21,5e5d772fb0e65991f861a3ba,Dr. Manmohan Kamat,Goregaon East,General Surgeon,Shrishti Fertility Care Centre and Women Clinic
22,5e5d772fb0e65991f861a3bb,Dr. Suresh Jain,Parel,General Physician,Global Hospitals
23,5e5d772fb0e65991f861a3bc,Dr. Chandrashekhar Munjewar,Ghatkopar,Cardiologist,Parakh Hospital
24,5e5d772fb0e65991f861a3bd,Dr. Umang Kothari,Malad West,Plastic Surgeon,Vivanta Hospital
25,5e5d772fb0e65991f861a3be,Dr. Chitrang Thaker,Goregaon East,Dentist,The Dental Studio
26,5e5d772fb0e65991f861a3bf,Dr. Akshata Dorkadi   (Physiotherapist),Khar West,Physiotherapist,HEAL Institute
27,5e5d772fb0e65991f861a3c0,Dr. Rupali Sinha,Tardeo,Ophthalmologist/ Eye Surgeon,Eye Solutions - The complete eye hospital
28,5e5d772fb0e65991f861a3c1,Dr. Gaurav Jain   (Physiotherapist),Kandivali West,Physiotherapist,Alankrit Physiotherapy N Fitness
29,5e5d772fb0e65991f861a3c2,Dr. Uday Khopkar,Parel,Cosmetologist,Global Hospitals
30,5e5d772fb0e65991f861a3c3,Dr. Ameya Sirsat,Parel,Gynecologist,Rotunda - The Center for Human Reproduction
31,5e5d772fb0e65991f861a3c4,Dr. Sandeep Sharma,Mira Road,Internal Medicine,Wockhardt Hospitals
32,5e5d772fb0e65991f861a3c5,Ms. Pooja Sharma,Borivali West,Psychologist,Unlimited Potentialities
33,5e5d772fb0e65991f861a3c6,Dr. Soniya Choithani   (Physiotherapist),Colaba,Physiotherapist,HEAL Institute
34,5e5d772fb0e65991f861a3c7,Dr. Arun Sheth,Ghatkopar,Plastic Surgeon,Parakh Hospital
35,5e5d772fb0e65991f861a3c8,Dr. Sashikant Parchure,Dadar East,Gynecologist,Parchure Nursing Home
36,5e5d772fb0e65991f861a3c9,Dr. Priyam Bhagat,Goregaon East,Dermatologist,Finesse
37,5e5d772fb0e65991f861a3ca,Ms. Suruchi Kothari,Borivali West,Clinical Psychologist,Unlimited Potentialities
38,5e5d772fb0e65991f861a3cb,Dr. Amit Bhat,Goregaon West,Urologist,SRV Hospital
39,5e5d772fb0e65991f861a3cc,Dr. Shruti Purohit,Andheri East,Oral And MaxilloFacial Surgeon,Identity Dental Lounge
40,5e5d772fb0e65991f861a3cd,Dr. Priyanka Sukthankar   (Physiotherapist),Andheri East,Physiotherapist,Physio Wellness
41,5e5d772fb0e65991f861a3ce,Dr. Rajendra Sonavane,Goregaon West,General Surgeon,SRV Hospital
42,5e5d772fb0e65991f861a3cf,Dr. Anil Potdar,Chembur East,Cardiologist,Sushrut Hospital and Research Center
43,5e5d772fb0e65991f861a3d0,Dr. Zeenat Bhalwani,Andheri West,Dermatologist,Dr Zeenats Skin Clinic
44,5e5d772fb0e65991f861a3d1,Dr. Narendra Dedhia,Ghatkopar,Nephrologist/Renal Specialist,Parakh Hospital
45,5e5d772fb0e65991f861a3d2,Dr. Shilpa Shetty Naik,Chembur,Pediatric Dentist,Dental Speciality Care
46,5e5d772fb0e65991f861a3d3,Dr. Sadhna Shah,Ghatkopar West,ENT/ Otorhinolaryngologist,Pooja Maternity Nursing Home & Ent Center
47,5e5d772fb0e65991f861a3d4,Dr. Udayan palnitkar,Vileparle West,Gynecologist,Irla Nursing Home & Polyclinic
48,5e5d772fb0e65991f861a3d5,Dr. Roshni Panchal,Kandivali East,Homoeopath,Reflectionz Clinic
49,5e5d772fb0e65991f861a3d6,Dr. Parag Vibhakar,Andheri East,Plastic Surgeon,Skin N Sculpt
50,5e5d772fb0e65991f861a3d7,Dr. Nirmala Rao,Dadar West,Psychiatrist,Aavishkar Centre For Self Enrichment
51,5e5d772fb0e65991f861a3d8,Dr. Amit Chavan,Dadar East,Implantologist,Smile Again
52,5e5d772fb0e65991f861a3d9,Dr. Shubhada Sanjiv Khandeparkar,Dadar East,Infertility Specialist,Dr. Khandeparkar's  Infertility and IVF Centre
53,5e5d772fb0e65991f861a3da,Dr. Darshan S Gupte,Kandivali East,Dentist,Dr. Gupte's Clinic
54,5e5d772fb0e65991f861a3db,Dr. Shivangi Isawe,Malad West,Dentist,Gurukrupa Advanced Dental Care Center
55,5e5d772fb0e65991f861a3dc,Dr. Kruti Modi,Khar West,Ophthalmologist/ Eye Surgeon,I Sight Eyecare And Surgery
56,5e5d772fb0e65991f861a3dd,Dr. Kaushal Pandey,Mulund West,Cardiothoracic and Vascular Surgeon,Fortis Hospital
57,5e5d772fb0e65991f861a3de,Dr. Rashmi Maruti Hosalkar,Powai,Dentist,Dr. Nishant's Dental Surgeons Planet
58,5e5d772fb0e65991f861a3df,Dr. Chinmay Nakhwa,Tardeo,Ophthalmologist/ Eye Surgeon,Eye Solutions - The complete eye hospital
59,5e5d772fb0e65991f861a3e0,Dr. Hari Chablani,Tardeo,General Physician,Apollo Spectra Hospitals
60,5e5d772fb0e65991f861a3e1,Dr. Ashim Desai,Charni Road,ENT/ Otorhinolaryngologist,Dr ABR Desai ENT Clinic
61,5e5d772fb0e65991f861a3e2,Dr. Bhavesh Gohil,Wadala,Ophthalmologist/ Eye Surgeon,Clear Vision Eye Clinic
62,5e5d772fb0e65991f861a3e3,Dr. Ruchira N Goradia,Grant Road,Ayurveda,Goradia Ayurvedic Clinic.
63,5e5d772fb0e65991f861a3e4,Dr. Sherin Tresa,Mulund West,Dentist,Dr. Vora's Dental Care
64,5e5d772fb0e65991f861a3e5,Dr. Gul J. Nankani,Parel,Ophthalmologist/ Eye Surgeon,Krishna Eye Centre
65,5e5d772fb0e65991f861a3e6,Dr. Deepakk Desai,Jogeshwari East,Alternative Medicine,Om Shanti Clinic
66,5e5d772fb0e65991f861a3e7,Dr. Muffazal Lakdawala,Worli,Bariatric Surgeon,Dr Muffi's Digestive Health Institute
67,5e5d772fb0e65991f861a3e8,Dr. Shwetali Satish Pawar   (Physiotherapist),Andheri West,Physiotherapist,Exercise Clinic
68,5e5d772fb0e65991f861a3e9,Dr. Parijat Gupte,Mulund West,Gastroenterologist,Jupiter Hospital Speciality Clinic
69,5e5d772fb0e65991f861a3ea,Dr. Ankur Phatarpekar,Mahim,Interventional Cardiologist,S L Raheja Fortis Hospital
70,5e5d772fb0e65991f861a3eb,Dr. Dimple Jain,Mulund West,Pediatrician,Jupiter Hospital Speciality Clinic
71,5e5d772fb0e65991f861a3ec,Dr. Anand Utture,Mahim,Urologist,Utture Urology Clinic
72,5e5d772fb0e65991f861a3ed,Dr. Swapnil Mate   (Physiotherapist),Bandra West,Physiotherapist,HPE India - Advance Physiotherapy Studio
73,5e5d772fb0e65991f861a3ee,Dr. Nikita Virdiya,Kandivali West,Dentist,Smile n Shine Advanced Dental Clinic
74,5e5d772fb0e65991f861a3ef,Dr. Shruti Parkar,Goregaon West,Dentist,Dr. Shruti's Dental Clinic
75,5e5d772fb0e65991f861a3f0,Dr. Vikas Jain,Mulund West,Spine Surgeon,Aditi Hospital
76,5e5d772fb0e65991f861a3f1,Dr. Niketa Sonavane,Andheri West,Dermatologist,Ambrosia Aesthetics
77,5e5d772fb0e65991f861a3f2,Dr. Rashmi Shinde,Prabhadevi,Dermatologist,RheumDerma Clinic
78,5e5d772fb0e65991f861a3f3,Dr. Ujjvala Jadhav,Goregaon East,Dermatologist,The Skin Clinic
79,5e5d772fb0e65991f861a3f4,Dr. Trupti Agarwal,Malad West,Dermatologist,Vivanta Hospital
80,5e5d772fb0e65991f861a3f5,Dr. Nikhil Dharmadhikari,Goregaon West,Surgical Oncologist,SRV Hospital
81,5e5d772fb0e65991f861a3f6,Dr. Deepali Shastri,Vileparle,Ayurveda,Ayushakti Ayurved  Health Centre
82,5e5d772fb0e65991f861a3f7,Dr. Sumit Agrawal,Andheri West,Hair Transplant Surgeon,Harleys Cosmetic & Women Clinic
83,5e5d772fb0e65991f861a3f8,Dr. Viraj Tambwekare,Tardeo,Plastic Surgeon,Apollo Spectra Hospitals
84,5e5d772fb0e65991f861a3f9,Dr. Anita Gupta,Mulund West,Ayurveda,Aharayogam
85,5e5d772fb0e65991f861a3fa,Dr. Rashmikant Shah,Kandivali West,Dermatologist,KRS Derma Care
86,5e5d772fb0e65991f861a3fb,Dr. Hardik Desai,Borivali West,Joint Replacement Surgeon,Desai Orthopedics and ENT Clinic
87,5e5d772fb0e65991f861a3fc,Dr. Batul Patel,Girgaon,Dermatologist,The Bombay Skin Clinic
88,5e5d772fb0e65991f861a3fd,Dr. Pallavi Singh   (Physiotherapist),Vileparle East,Physiotherapist,Stride Fitness and Mobility Clinic
89,5e5d772fb0e65991f861a3fe,Dr. Chasanal Rathod,Malad West,Orthopedist,The Childrens Hospital Mumbai
90,5e5d772fb0e65991f861a3ff,Dr. Dipanjan Haldar,Mira Road,Hematologist,Wockhardt Hospitals
91,5e5d772fb0e65991f861a400,Dr. Ripal K Kotak,Goregaon West,Dentist,The Dental Hub
92,5e5d772fb0e65991f861a401,Dr. Naazneen Ladak,Andheri West,Psychiatrist,Dr. Naazneen's Psychiatric Centre
93,5e5d772fb0e65991f861a402,Dr. Rekha Sheth,Juhu,Dermatologist,Dr Sheth's Skin And Hair Clinic
94,5e5d772fb0e65991f861a403,Dr. Kareeshma Wadia,Khar West,Ophthalmologist/ Eye Surgeon,I Sight Eyecare And Surgery
95,5e5d772fb0e65991f861a404,Dr. Tanvi Jha,Chembur,Dentist,PhysioWorld
96,5e5d772fb0e65991f861a405,Dr. Amruta Bhalchandra Wadekar,Dahisar East,Implantologist,Speciality Dental Centre & Dental Implants
97,5e5d772fb0e65991f861a406,Dr. Bhumita Shah,Andheri West,Orthodontist,Navkar Dental Care And Implant Centre & Navkar Physiotherapy Centre
98,5e5d772fb0e65991f861a407,Dr. Amit Vora,Bhandup West,Homoeopath,Homoeopathic Clinic
99,5e5d772fb0e65991f861a408,Dr. Vipul Mehrotra,Andheri East,Pediatrician,Shishu Child Care Clinic
100,5e5d772fb0e65991f861a409,Dr. Hardik Shah,Gamdevi,Gastroenterologist,Shah Superspeciality Clinic
101,5e5d772fb0e65991f861a40a,Dr. Ramona S Thakur,Powai,Endodontist,Dr Ramona's Dental Clinic
102,5e5d772fb0e65991f861a40b,Dr. Manish Purohit,Andheri East,Oral And MaxilloFacial Surgeon,Identity Dental Lounge
103,5e5d772fb0e65991f861a40c,Dr. Bhumija Gautam Nair,Andheri West,Dentist,Dr. Nair's Dental and Orthodontic Care
104,5e5d772fb0e65991f861a40d,Dr. Prakash L. Lulla,Chembur East,Homoeopath,Dr. Lulla's Homeopathy Clinic
105,5e5d772fb0e65991f861a40e,Dr. Gautam Goel,Dadar,General Surgeon,Dr. Goel's Clinic
106,5e5d772fb0e65991f861a40f,Dr. Amiti Shah,Gamdevi,Plastic Surgeon,Shah Superspeciality Clinic
107,5e5d772fb0e65991f861a410,Dr. Prajyot Jagtap,Chembur,Orthopedist,Surana Sethia Hospital and Research Center
108,5e5d772fb0e65991f861a411,Dr. Deep B. Parekh,Ghatkopar East,Pediatrician,Dr. Deep Parekh's 'Mom & Me' Clinic
109,5e5d772fb0e65991f861a412,Dr. Pooja Ghodke,Andheri West,Ophthalmologist/ Eye Surgeon,Arohi Eye Hospital
110,5e5d772fb0e65991f861a413,Dr. Manmohan Madan,Chembur,Radiologist,Oma Hospital
111,5e5d772fb0e65991f861a414,Dr. Mrudul vishanji dharod,Mira Road,Gastroenterologist,Wockhardt Hospitals
112,5e5d772fb0e65991f861a415,Dr. Jinendra K Jain,Mira Road,Consultant Physician,Wockhardt Hospitals
113,5e5d772fb0e65991f861a416,Dr. Rashmi Mittal,Andheri West,Dermatologist,Ayushi Skin Clinic
114,5e5d772fb0e65991f861a417,Ms. Urvi Vakharia,Mulund West,Dietitian/Nutritionist,Clinico Diagnostic India Pvt Ltd
115,5e5d772fb0e65991f861a418,Dr. Shilpa Nayak,Andheri West,Allergist/Immunologist,Asthma Allergy Clinic - Siddhi Polyclinic
116,5e5d772fb0e65991f861a419,Dr. Savita S. Naik,Goregaon West,Pediatrician,Oyster Hospital
117,5e5d772fb0e65991f861a41a,Dr. Vandita Agrawal,Goregaon East,Dentist,Vandita's Dental Care
118,5e5d772fb0e65991f861a41b,Ms. Neha Ranglani,Bandra West,Dietitian/Nutritionist,Neha Ranglani Clinic
119,5e5d772fb0e65991f861a41c,Dr. Parag Bhalgat,Malad West,Pediatric Cardiologist,The Childrens Hospital Mumbai
120,5e5d772fb0e65991f861a41d,Dr. Haresh Mehta,Mahim,Cardiologist,S L Raheja Fortis Hospital
121,5e5d772fb0e65991f861a41e,Ms. Sayli Anavkar,Andheri West,Counselling Psychologist,Anjum's Diet & Wellness
122,5e5d772fb0e65991f861a41f,Ms. Priti Khatu,Malad West,Psychologist,Vivanta Hospital
123,5e5d772fb0e65991f861a420,Dr. Anil Saxena,Malad West,Radiologist,Vivanta Hospital
124,5e5d772fb0e65991f861a421,Dr. Sudhir Naik,Goregaon West,Gynecologist,Oyster Hospital
125,5e5d772fb0e65991f861a422,Dr. Keyur Mehta,Tilak Nagar,Dentofacial Orthopedist,Unique Smile Concepts
126,5e5d772fb0e65991f861a423,Dr. Monica Goel,Dadar,General Physician,Dr. Goel's Clinic
127,5e5d772fb0e65991f861a424,Dr. Amit Bhalotia,Mahim,Plastic Reconstruction Surgeon,Skin Matra
128,5e5d772fb0e65991f861a425,Dr. Akshay Shah,Parel,Medical Oncologist,Global Hospitals
129,5e5d772fb0e65991f861a426,Dr. Khushee Agrawal,Goregaon East,Dentist,The Dental Studio
130,5e5d772fb0e65991f861a427,Dr. Diksha Tahilramani Batra,Bandra West,Prosthodontist,Smile Essentials
131,5e5d772fb0e65991f861a428,Dr. Satish Gala,Andheri West,Homoeopath,Dr Gala's Vital Healing Homoeopathic Clinic
132,5e5d772fb0e65991f861a429,Dr. Sana Bhamla Khan,Andheri West,Dermatologist,Dr. Sana Bhamla Khan's - KYSHHA Skin & Hair Clinic
133,5e5d772fb0e65991f861a42a,Dr. Rajesh Thakkar,Ghatkopar West,Ayurveda,Pooja Maternity Nursing Home & Ent Center
134,5e5d772fb0e65991f861a42b,Dr. Prasad Rane,Andheri West,Dentist,My Smile Dental Clinic
135,5e5d772fb0e65991f861a42c,Dr. Jagat Shah,Borivali West,Homoeopath,Total Health Care
136,5e5d772fb0e65991f861a42d,Dr. Rajendra Saraogi,Malad West,Gynecologist,Saraogi Hospital & IRIS IVF Centre
137,5e5d772fb0e65991f861a42e,Dr. Priyanka Thukral Mahajan,Prabhadevi,Psychiatrist,RheumDerma Clinic
138,5e5d772fb0e65991f861a42f,Dr. Sujata Surana,Kandivali East,Dentist,Bright 32 Dental Care & Orthodontic Centre
139,5e5d772fb0e65991f861a430,Dr. Sanjeev V. Mulekar,Andheri West,Dermatologist,Mulekar Vitilgo Clinic
140,5e5d772fb0e65991f861a431,Dr. Paresh C. Trivedi,Andheri West,Psychiatrist,Chaitanya Mindcare Centre
141,5e5d772fb0e65991f861a432,Dr. Reshma Palep,Tardeo,Breast Surgeon,Apollo Spectra Hospitals
142,5e5d772fb0e65991f861a433,Dr. Nilesh Nolkha,Mira Road,Rheumatologist,Wockhardt Hospitals
143,5e5d772fb0e65991f861a434,Dr. Sadhna Shah,Powai,ENT/ Otorhinolaryngologist,Ageless Medica Health Management Pvt. Ltd.
144,5e5d772fb0e65991f861a435,Dr. Roopa Prasad,Malad West,Obstetrician,Saraogi Hospital & IRIS IVF Centre
145,5e5d772fb0e65991f861a436,Dr. Santosh Kumar Dora,Bandra East,Internal Medicine,Asian Heart Institute And Research Centre
146,5e5d772fb0e65991f861a437,Dr. Snehal Kothari,Mahim,Cardiologist,S L Raheja Fortis Hospital
147,5e5d772fb0e65991f861a438,Dr. Hemali Virani Kotadia,Powai,Dentist,Dr. Nishant's Dental Surgeons Planet
148,5e5d772fb0e65991f861a439,Dr. Swati Garekar,Mulund West,Cardiologist,Fortis Hospital
149,5e5d772fb0e65991f861a43a,Dr. Ashish Vijay Bakshi,Powai,Medical Oncologist,Dr L H Hiranandani Hospital
150,5e5d772fb0e65991f861a43b,Dr. Kapil Mohan,Mulund West,Spine Surgeon,Aditi Hospital
151,5e5d772fb0e65991f861a43c,Dr. Viraj Kakade,Bandra West,Prosthodontist,Dent Heal
152,5e5d772fb0e65991f861a43d,Dr. Darshan Hiralal Vora,Mulund West,Dentist,Dr. Vora's Dental Care
153,5e5d772fb0e65991f861a43e,Dr. Shilpa Mittal,Kandivali East,Cosmetic/Aesthetic Dentist,Winning Smiles Dental Clinic
154,5e5d772fb0e65991f861a43f,Dr. Abhijit  Jadhav,Mulund East,Diabetologist,Aaditya Care
155,5e5d772fb0e65991f861a440,Dr. Ajit Krishna Shetty,Goregaon West,General Physician,SRV Hospital
156,5e5d772fb0e65991f861a441,Dr. Sameeksha Dubey,Goregaon West,Medical Oncologist,SRV Hospital
157,5e5d772fb0e65991f861a442,Dr. Aditi Singhi,Chembur,Gynecologist,Apollo Spectra Hospitals
158,5e5d772fb0e65991f861a443,Dr. Nilesh Gautam,Mahim,Cardiologist,S L Raheja Fortis Hospital
159,5e5d772fb0e65991f861a444,Dr. Hitesh Shah,Kandivali West,Sexologist,"Dr. Hitesh Shah's ""Sexology, Stress Management & Counselling Clinic"""
160,5e5d772fb0e65991f861a445,Dr. Aniruddh Trivedi,Mahim,Cardiac Surgeon,S L Raheja Fortis Hospital
161,5e5d772fb0e65991f861a446,Dr. Farhana Shah   (Physiotherapist),Colaba,Physiotherapist,HEAL Institute
162,5e5d772fb0e65991f861a447,Dr. Swapnesh  Sawant,Khar West,Ophthalmologist/ Eye Surgeon,I Sight Eyecare And Surgery
163,5e5d772fb0e65991f861a448,Dr. Jyoti Narla,Powai,Periodontist,CosmoDent Hi-Tech Dental Hospital
164,5e5d772fb0e65991f861a449,Dr. Gayatri Bharadwaj,Mulund West,Dermatologist,Dr Gayatri's Cosmetic Clinic
165,5e5d772fb0e65991f861a44a,Dr. Shilpa Abhyankar,Dadar East,Gynecologist,Parchure Nursing Home
166,5e5d772fb0e65991f861a44b,Dr. Rituja Punde,Mulund West,Dentist,Dr. Vora's Dental Care
167,5e5d772fb0e65991f861a44c,Ms. Prachi Managute,Andheri East,,Physio Wellness
168,5e5d772fb0e65991f861a44d,Dr. Anagha Patwardhan,Dadar West,Homoeopath,Patwardhan Homoeopathy Clinic
169,5e5d772fb0e65991f861a44e,Dr. Kunal Patel,Borivali West,Orthopedist,Punit Hospital
170,5e5d772fb0e65991f861a44f,Dr. Tilak Suvarna,Bandra East,Cardiologist,Asian Heart Institute And Research Centre
171,5e5d772fb0e65991f861a450,Dr. Divya Sharma   (Physiotherapist),Andheri West,Physiotherapist,Prism Eye and Maternity Clinic
172,5e5d772fb0e65991f861a451,Dr. Suhas Vidyadhar Abhyankar,Dadar East,Plastic Surgeon,Parchure Nursing Home
173,5e5d772fb0e65991f861a452,Dr. Kapil Mohan,Mulund West,Spine Surgeon,Jupiter Hospital Speciality Clinic
174,5e5d772fb0e65991f861a453,Dr. Fahad Naaz,Mumbai Central,Dentist,Dental Expertz Clinic
175,5e5d772fb0e65991f861a454,Dr. Divya A. Sahetya,Andheri West,Gynecologist,Pushpaa Hospital
176,5e5d772fb0e65991f861a455,Dr. Suresh Isawe,Malad West,Implantologist,Gurukrupa Advanced Dental Care Center
177,5e5d772fb0e65991f861a456,Dr. Aditi Agrawal,Malad West,General Surgeon,The Childrens Hospital Mumbai
178,5e5d772fb0e65991f861a457,Dr. Mihir Kothari,Parel,Ophthalmologist/ Eye Surgeon,Krishna Eye Centre
179,5e5d772fb0e65991f861a458,Dr. Sanket Mehta,Matunga,Dentist,Smile Studio Dental Clinic
180,5e5d772fb0e65991f861a459,Dr. Ajay Bajaj,Juhu,Endodontist,Smilez Unlimited Dental Clinic
181,5e5d772fb0e65991f861a45a,Dr. Mahesh Prasad,Mira Road,Nephrologist/Renal Specialist,Wockhardt Hospitals
182,5e5d772fb0e65991f861a45b,Dr. Swati Allahbadia,Parel,Infertility Specialist,Rotunda - The Center for Human Reproduction
183,5e5d772fb0e65991f861a45c,Dr. Kiran C Mhatre,Chembur East,General Physician,Sushrut Hospital and Research Center
184,5e5d772fb0e65991f861a45d,Dr. Shweta Raje,Khar West,Gynecologist,Womens Hospital
185,5e5d772fb0e65991f861a45e,Dr. Rekha Sheth,Marine Lines,Dermatologist,Dr.Sheth's Skin & Hair Clinic
186,5e5d772fb0e65991f861a45f,Dr. Hemali Patil   (Physiotherapist),Chembur,Physiotherapist,Surana Sethia Hospital and Research Center
187,5e5d772fb0e65991f861a460,Dr. Akshay Jain,Lower Parel,General Physician,Jain Diagnostic Centre
188,5e5d772fb0e65991f861a461,Dr. Tanuja Uchil,Chembur,Infertility Specialist,Oma Hospital
189,5e5d772fb0e65991f861a462,Dr. Kshama P Vibhakar,Andheri East,Dermatologist,Skin N Sculpt
190,5e5d772fb0e65991f861a463,Dr. Vishwanath Iyer,Chembur,Neurosurgeon,Surana Sethia Hospital and Research Center
191,5e5d772fb0e65991f861a464,Dr. Chitralekha Rane,Andheri West,Cosmetic/Aesthetic Dentist,My Smile Dental Clinic
192,5e5d772fb0e65991f861a465,Dr. Pradnya Shastri,Mahim,Dermatologist,Skin Matra
193,5e5d772fb0e65991f861a466,Dr. Sanjana.A,Powai,Ophthalmologist/ Eye Surgeon,Dr L H Hiranandani Hospital
194,5e5d772fb0e65991f861a467,Dr. Viren Puri,Juhu,Orthodontist,Smilez Unlimited Dental Clinic
195,5e5d772fb0e65991f861a468,Dr. Aashish Tiwari,Tilak Nagar,Dentist,Unique Smile Concepts
196,5e5d772fb0e65991f861a469,Dr. Rashmi Navelkar,Kandivali West,Psychiatrist,Dr's Mind Centre
197,5e5d772fb0e65991f861a46a,Dr. Riddhi Gandhi Shah,Powai,Dermatologist,Ageless Medica Health Management Pvt. Ltd.
198,5e5d772fb0e65991f861a46b,Dr. Kishore Manek,Chembur East,Orthopedist,Sushrut Hospital and Research Center
199,5e5d772fb0e65991f861a46c,Dr. Hemlata Hardasani,Andheri West,Gynecologist,Mothers Care Clinic
200,5e5d772fb0e65991f861a46d,Dr. Rajdeep Agarwal,Mahim,Cardiologist,S L Raheja Fortis Hospital
201,5e5d772fb0e65991f861a46e,Dr. Parag M. Khatri,Andheri East,Periodontist,Dental Square
202,5e5d772fb0e65991f861a46f,Dr. Dilip Murarkar,Chembur East,General Surgeon,Sushrut Hospital and Research Center
203,5e5d772fb0e65991f861a470,Dr. Ishwari Bhirud,Andheri East,Cosmetic/Aesthetic Dentist,Care 32 Family Dental Care Centre
204,5e5d772fb0e65991f861a471,Dr. D.G. Saple,Dadar,Hair Transplant Surgeon,La'mer Clinic
205,5e5d772fb0e65991f861a472,Dr. Nandini Joshi,Mulund West,Homoeopath,Nandini Joshi's Homeopathic Clinic
206,5e5d772fb0e65991f861a473,Dr. Priyanka Basu,Bandra West,Dentist,Dent Heal
207,5e5d772fb0e65991f861a474,Dr. Miral Patel,Borivali West,Infertility Specialist,Punit Hospital
208,5e5d772fb0e65991f861a475,Dr. Srinivas L,Mulund West,Pediatric Cardiologist,Jupiter Hospital Speciality Clinic
209,5e5d772fb0e65991f861a476,Dr. Hemang Parekh,Vileparle,Ayurveda,Ayushakti Ayurved  Health Centre
210,5e5d772fb0e65991f861a477,Dr. Raju Sahetya,Andheri West,Gynecologist,Pushpaa Hospital
211,5e5d772fb0e65991f861a478,Dr. Sachin Pahade,Goregaon West,Urologist,SRV Hospital
212,5e5d772fb0e65991f861a479,Dr. Manish Kachhara,Ghatkopar East,Dentist,Dental Solutions
213,5e5d772fb0e65991f861a47a,Dr. Rakesh Sorathia,Bandra West,Dental Surgeon,Divine Smiles Dental Care
214,5e5d772fb0e65991f861a47b,Dr. Shabbir Suterwala,Worli,Orthopedist,Dr Muffi's Digestive Health Institute
215,5e5d772fb0e65991f861a47c,Dr. Shailesh Pandey,Andheri West,ENT/ Otorhinolaryngologist,AUM ENT Clinic
216,5e5d772fb0e65991f861a47d,Dr. Ambardekar Shekhar Shriram,Mahim,Cardiologist,S L Raheja Fortis Hospital
217,5e5d772fb0e65991f861a47e,Dr. Jayesh Sheth,Mulund West,Pediatrician,Jupiter Hospital Speciality Clinic
218,5e5d772fb0e65991f861a47f,Dr. Ishita Sheth   (Physiotherapist),Khar West,Physiotherapist,HEAL Institute
219,5e5d772fb0e65991f861a480,Dr. Shoaib Padaria Fakhruddin,Tardeo,Cardiologist,Apollo Spectra Hospitals
220,5e5d772fb0e65991f861a481,Dr. Kiran Katkar,Dadar West,Dermatologist,Dr Kiran Katkar's Dermis Skin Wellness Clinic Lase
221,5e5d772fb0e65991f861a482,Dr. Kuldeep Singh Sandu,Malad West,Orthopedist,The Childrens Hospital Mumbai
222,5e5d772fb0e65991f861a483,Dr. Gul J. Nankani,Sion East,Ophthalmologist/ Eye Surgeon,Krishna Eye Centre
223,5e5d772fb0e65991f861a484,Dr. Nikhil Nasta,Khar West,Ophthalmologist/ Eye Surgeon,I Sight Eyecare And Surgery
224,5e5d772fb0e65991f861a485,Dr. Prachi Pandya,Mulund West,Dental Surgeon,Dr. Ajay Thaker's Smiles Royale Dental Clinic
225,5e5d772fb0e65991f861a486,Dr. Rangnath Jhawar,Kandivali West,Dental Surgeon,Smile n Shine Advanced Dental Clinic
226,5e5d772fb0e65991f861a487,Ms. Malika Kabra Rathi,Andheri West,Dietitian/Nutritionist,Pushpaa Hospital
227,5e5d772fb0e65991f861a488,Dr. Vandana Krishna Gawde,Malad West,Gynecologist,Saraogi Hospital & IRIS IVF Centre
228,5e5d772fb0e65991f861a489,Dr. Yajuvendra Gawai,Ghatkopar,Orthopedist,Parakh Hospital
229,5e5d772fb0e65991f861a48a,Ms. Sneha Saklecha,Marine Lines,Dietitian/Nutritionist,Dr.Sheth's Skin & Hair Clinic
230,5e5d772fb0e65991f861a48b,Dr. Pooja Singit,Dadar,,La'mer Clinic
231,5e5d772fb0e65991f861a48c,Dr. Jayanti Kamat,Goregaon East,Obstetrician,Shrishti Fertility Care Centre and Women Clinic
232,5e5d772fb0e65991f861a48d,Dr. Samir Parekh,Malad West,Neurosurgeon,Vivanta Hospital
233,5e5d772fb0e65991f861a48e,Dr. Sunita Jonwal,Kandivali West,Ayurveda,Dr. Jonwal's Niramay Ayush Panchkarm Health Institute & Research Hospital
234,5e5d772fb0e65991f861a48f,Dr. Parul Sugandhi,Ghatkopar East,Gynecologist,"Parakh Hospital - Gynecology, Obstetrics & IVF"
235,5e5d772fb0e65991f861a490,Dr. Abhay Krushnarao Tidke,Chembur,Cardiologist,Surana Sethia Hospital and Research Center
236,5e5d772fb0e65991f861a491,Dr. Satish Puranik,Chembur,Orthopedist,Apollo Spectra Hospitals
237,5e5d772fb0e65991f861a492,Dr. Priyal Gala,Matunga,Dermatologist,Gala Skin & Hair Clinic
238,5e5d772fb0e65991f861a493,Dr. Prashant Kini,Mulund West,Consultant Physician,Dr. Kinis  Nursing Home and Endocrine Centre
239,5e5d772fb0e65991f861a494,Dr. Lubaina Tapia,Dadar East,Dentist,Smile Again
240,5e5d772fb0e65991f861a495,Ms. Meenakshi Sharma,Kandivali West,Psychologist,Dr's Mind Centre
241,5e5d772fb0e65991f861a496,Dr. Ketan Badani,Goregaon West,Orthopedist,SRV Hospital
242,5e5d772fb0e65991f861a497,Dr. Ankesh Sahetya,Andheri West,Gynecologist,Pushpaa Hospital
243,5e5d772fb0e65991f861a498,Dr. Rushikesh Patil,Powai,Cardiologist,Dr L H Hiranandani Hospital
244,5e5d772fb0e65991f861a499,Dr. Meeta Malik,Bandra West,Dentist,Medident - The Multispeciality Dental Clinic
245,5e5d772fb0e65991f861a49a,Dr. Ranjan Burnwal,Ghatkopar,Orthopedist,Parakh Hospital
246,5e5d772fb0e65991f861a49b,Dr. Dilip Raja,Bandra West,Urologist,Dr. Raja Urology & Andrology Centre
247,5e5d772fb0e65991f861a49c,Dr. Mansi Sanghvi,Powai,Dermatologist,CosmoDent Hi-Tech Dental Hospital
248,5e5d772fb0e65991f861a49d,Dr. Nikhil Surana,Kandivali East,Orthodontist,Bright 32 Dental Care & Orthodontic Centre
249,5e5d772fb0e65991f861a49e,Dr. Minita Mehta Solanki   (Physiotherapist),Andheri West,Physiotherapist,Navkar Dental Care And Implant Centre & Navkar Physiotherapy Centre
250,5e5d772fb0e65991f861a49f,Dr. Laila Rajesh Dave,Tardeo,Gynecologist,Apollo Spectra Hospitals
251,5e5d772fb0e65991f861a4a0,Ms. Nisha Bajaj,Worli,Dietitian/Nutritionist,Dr Muffi's Digestive Health Institute
252,5e5d772fb0e65991f861a4a1,Dr. Varsha Degwekar,Powai,Gynecologist,Care & Cure Maternity And Nursing Home
253,5e5d772fb0e65991f861a4a2,Dr. Prashant Kewle,Chembur,ENT/ Otorhinolaryngologist,Apollo Spectra Hospitals
254,5e5d772fb0e65991f861a4a3,Dr. Roli Dave   (Physiotherapist),Powai,Physiotherapist,Dr L H Hiranandani Hospital
255,5e5d772fb0e65991f861a4a4,Dr. Hitesh Shah,Malad West,Sexologist,Purnam Health Centre
256,5e5d772fb0e65991f861a4a5,Dr. Keerti Sachdeva   (PhD),Andheri West,Educational Psychologist,Positive Vibrations
257,5e5d772fb0e65991f861a4a6,Dr. Susan Fernandes,Malad West,Pediatrician,The Childrens Hospital Mumbai
258,5e5d772fb0e65991f861a4a7,Dr. Suhasini Sukumar,Dadar East,Dental Surgeon,Smile Again
259,5e5d772fb0e65991f861a4a8,Dr. Aparna Hegde,Khar West,Gynecologist,Womens Hospital
260,5e5d772fb0e65991f861a4a9,Dr. Gautam Nadkarni,Chembur,General Surgeon,Apollo Spectra Hospitals
261,5e5d772fb0e65991f861a4aa,Dr. Rakhee Sahu,Powai,Gynecologist,Dr L H Hiranandani Hospital
262,5e5d772fb0e65991f861a4ab,Dr. Apeksha Anand,Powai,Pediatric Dentist,Dr. Nishant's Dental Surgeons Planet
263,5e5d772fb0e65991f861a4ac,Dr. Dhruti Raut Chavan,Dadar East,Prosthodontist,Smile Again
264,5e5d772fb0e65991f861a4ad,Dr. Tarana Malick,Andheri West,Homoeopathic Pediatrician,Asthma Allergy Clinic - Siddhi Polyclinic
265,5e5d772fb0e65991f861a4ae,Dr. Vinod Rambal,Mira Road,Neurosurgeon,Wockhardt Hospitals
266,5e5d772fb0e65991f861a4af,Dr. Darshana R Bhuta,Bandra West,Dentist,Dent Heal
267,5e5d772fb0e65991f861a4b0,Dr. Hardeek Ghundiyal,Ghatkopar,Orthopedist,Parakh Hospital
268,5e5d772fb0e65991f861a4b1,Dr. Chetan Shah,Mulund West,Cardiologist,Fortis Hospital
269,5e5d772fb0e65991f861a4b2,Dr. Pradeep Shenoy,Malad West,Pediatric Surgeon,The Childrens Hospital Mumbai
270,5e5d772fb0e65991f861a4b3,Dr. Prashanth Rao,Parel,Laparoscopic Surgeon,Global Hospitals
271,5e5d772fb0e65991f861a4b4,Dr. Boskey A Panikar,Bandra East,Dentist,Smile Invent Dental Clinic
272,5e5d772fb0e65991f861a4b5,Dr. Sushant Shinde,Prabhadevi,Consultant Physician,RheumDerma Clinic
273,5e5d772fb0e65991f861a4b6,Dr. Mandar S Patwardhan,Dadar West,Homoeopath,Patwardhan Homoeopathy Clinic
274,5e5d772fb0e65991f861a4b7,Dr. Sonia Tekchandani,Malad West,Dermatologist,Tender Skin International
275,5e5d772fb0e65991f861a4b8,Dr. Arjun Panikar,Bandra East,Periodontist,Smile Invent Dental Clinic
276,5e5d772fb0e65991f861a4b9,Dr. Anand Narla,Powai,Dentist,CosmoDent Hi-Tech Dental Hospital
277,5e5d772fb0e65991f861a4ba,Dr. Mohit Shah,Borivali West,Psychiatrist,Unlimited Potentialities
278,5e5d772fb0e65991f861a4bb,Dr. A. Kumar,Borivali West,Ayurveda,Kaya Kalp International Sex & Health Clinics
279,5e5d772fb0e65991f861a4bc,Dr. Manali Pathak,Bandra West,Dental Surgeon,Divine Smiles Dental Care
280,5e5d772fb0e65991f861a4bd,Dr. Aditya Pathak,Mulund West,Orthopedist,Aditi Hospital
281,5e5d772fb0e65991f861a4be,Dr. Abhishek Wadkar,Malad West,Cardiologist,Vivanta Hospital
282,5e5d772fb0e65991f861a4bf,Dr. Rajesh Shetty,Bandra West,Dentist,Dazzle Dental Clinic
283,5e5d772fb0e65991f861a4c0,Dr. Kamlesh Bhagat,Goregaon East,Dermatologist,Finesse
284,5e5d772fb0e65991f861a4c1,Dr. Siddharth Prakash,Andheri West,Plastic Surgeon,Ambrosia Aesthetics
285,5e5d772fb0e65991f861a4c2,Dr. Nishant Gandhi,Powai,Dentist,Dr. Nishant's Dental Surgeons Planet
286,5e5d772fb0e65991f861a4c3,Dr. Poonam Parekh,Khar West,Dermatologist,Skinfiniti Cosmetic and Laser Clinic
287,5e5d772fb0e65991f861a4c4,Dr. Namrata Prabhudesai,Khar West,Radiologist,Womens Hospital
288,5e5d772fb0e65991f861a4c5,Dr. Snehal Thakkar,Andheri West,Oral And MaxilloFacial Surgeon,Dr. Nair's Dental and Orthodontic Care
289,5e5d772fb0e65991f861a4c6,Dr. Nanda R Kumar,Chembur East,Gynecologist,Dr. Nanda R Kumar's Gynecology Clinic.
290,5e5d772fb0e65991f861a4c7,Dr. Hemal Bhagat,Andheri West,Laparoscopic Surgeon,Parth Surgical Centre
291,5e5d772fb0e65991f861a4c8,Ms. Nipa Sanghavi,Worli,Psychologist,Evolve - The Mind Center
292,5e5d772fb0e65991f861a4c9,Dr. Mansi Jajal,Bandra West,Dentist,Smile Essentials
293,5e5d772fb0e65991f861a4ca,Dr. Ajay Rathod,Tardeo,Orthopedist,Apollo Spectra Hospitals
294,5e5d772fb0e65991f861a4cb,Dr. Fauzia Khimani Naaz,Bandra West,Dentist,Dazzle Dental Clinic
295,5e5d772fb0e65991f861a4cc,Dr. Pallavi Rathi,Andheri East,Dermatologist,My Skin My Health
296,5e5d772fb0e65991f861a4cd,Dr. Amit Sahu,Mira Road,Interventional Radiologist,Wockhardt Hospitals
297,5e5d772fb0e65991f861a4ce,Dr. Sadhana Deshmukh,Bandra West,Dermatologist,Forever Yooung Skin Hair Body Aesthetics Clinic
298,5e5d772fb0e65991f861a4cf,Dr. Shrikant Badwe,Goregaon West,Urologist,BK Kidney and GI Centre
299,5e5d772fb0e65991f861a4d0,Dr. Kalyani Nair,Girgaon,Dermatologist,Believe - Health And Skin Clinic
300,5e5d772fb0e65991f861a4d1,Dr. Shradha Goel,Andheri West,Ophthalmologist/ Eye Surgeon,Arohi Eye Hospital
301,5e5d772fb0e65991f861a4d2,Dr. Ashish Agarwal,Matunga,Joint Replacement Surgeon,Bombay Knee & Hip Clinic
302,5e5d772fb0e65991f861a4d3,Dr. Ganesh Kini,Chembur East,Neurologist,Sushrut Hospital and Research Center
303,5e5d772fb0e65991f861a4d4,Dr. Sanket Mehta,Worli,Dentist,Smile Studio Dental Clinic
304,5e5d772fb0e65991f861a4d5,Dr. Devika Chopra,Tardeo,Gynecologist,Hope Clinic
305,5e5d772fb0e65991f861a4d6,Dr. Dineshchandra  Goradia,Grant Road,Ayurveda,Goradia Ayurvedic Clinic.
306,5e5d772fb0e65991f861a4d7,Dr. Sambit Patnaik,Chembur,General Surgeon,Apollo Spectra Hospitals
307,5e5d772fb0e65991f861a4d8,Dr. Kunal Mehta,Kandivali West,Dentist,Smile n Shine Advanced Dental Clinic
308,5e5d772fb0e65991f861a4d9,Dr. Urvi Ashar,Chembur,Dentist,Roots Dental Clinic
309,5e5d772fb0e65991f861a4da,Dr. Nikhil Agrawal,Mira Road,Orthopedist,Wockhardt Hospitals
310,5e5d772fb0e65991f861a4db,Dr. Sandeep Patel,Bhandup West,Implantologist,Smile Centre Dental Clinic
311,5e5d772fb0e65991f861a4dc,Dr. Shrirang S Yadwadkar,Mulund West,General Surgeon,Aditi Hospital
312,5e5d772fb0e65991f861a4dd,Dr. A. K. Tandon,Andheri West,Ophthalmologist/ Eye Surgeon,Tandon Eye Hospital
313,5e5d772fb0e65991f861a4de,Dr. Rati Chadha,Bandra West,Prosthodontist,Dent Heal
314,5e5d772fb0e65991f861a4df,Dr. Amit Prabhakar Maydeo,Parel,General Surgeon,Global Hospitals
315,5e5d772fb0e65991f861a4e0,Dr. Anil Heroor,Mulund,Surgical Oncologist,Anil Cancer Center
316,5e5d772fb0e65991f861a4e1,Dr. Rajul S. Parikh,Tardeo,Ophthalmologist/ Eye Surgeon,Eye Solutions - The complete eye hospital
317,5e5d772fb0e65991f861a4e2,Dr. Jiten Chowdhry,Bhandup West,General Surgeon,Ruby Hospital - Venture Of Arogyam Hospital
318,5e5d772fb0e65991f861a4e3,Dr. Keyur Mehta,Kandivali East,Dentofacial Orthopedist,Winning Smiles Dental Clinic
319,5e5d772fb0e65991f861a4e4,Dr. Bakar Ali Kadiwala,Tardeo,Ophthalmologist/ Eye Surgeon,Apollo Spectra Hospitals
320,5e5d772fb0e65991f861a4e5,Dr. Shilpa Bansal,Andheri West,Gynecologist,Harleys Cosmetic & Women Clinic
321,5e5d772fb0e65991f861a4e6,Dr. Harin Vyas,Mulund West,Cardiologist,Fortis Hospital
322,5e5d772fb0e65991f861a4e7,Dr. Zakia Khan,Mulund West,Cardiologist,Fortis Hospital
323,5e5d772fb0e65991f861a4e8,Dr. Shikha Shah,Khar West,Dermatologist,Skinfiniti Cosmetic and Laser Clinic
324,5e5d772fb0e65991f861a4e9,Dr. Urmi. M Satiya,Mulund West,Homoeopath,Aharayogam
325,5e5d772fb0e65991f861a4ea,Dr. Rusy Bhalla,Ghatkopar,General Surgeon,Parakh Hospital
326,5e5d772fb0e65991f861a4eb,Dr. Kartik Srinivasan,Powai,Homoeopath,CosmoDent Hi-Tech Dental Hospital
327,5e5d772fb0e65991f861a4ec,Dr. Varsha R. Shirvekar,Borivali West,ENT/ Otorhinolaryngologist,Mohan ENT Care
328,5e5d772fb0e65991f861a4ed,Dr. Vijay Vishwanathan,Mulund West,Pediatrician,Jupiter Hospital Speciality Clinic
329,5e5d772fb0e65991f861a4ee,Dr. Gaurang Shukla   (Physiotherapist),Colaba,Physiotherapist,HEAL Institute
330,5e5d772fb0e65991f861a4ef,Dr. Chinmay Shah,Malad West,General Physician,The Childrens Hospital Mumbai
331,5e5d772fb0e65991f861a4f0,Dr. Sonia G. Nankani,Sion East,Ophthalmologist/ Eye Surgeon,Krishna Eye Centre
332,5e5d772fb0e65991f861a4f1,Dr. Sadhna Shah,Ghatkopar East,ENT/ Otorhinolaryngologist,"Parakh Hospital - Gynecology, Obstetrics & IVF"
333,5e5d772fb0e65991f861a4f2,Dr. Sundeep Amberkarle,Mahim,,S L Raheja Fortis Hospital
334,5e5d772fb0e65991f861a4f3,Dr. Pankaj Joshi,Mulund West,General Surgeon,Jupiter Hospital Speciality Clinic
335,5e5d772fb0e65991f861a4f4,Dr. Pritesh Punjabi,Borivali West,Cardiologist,Ace Heart Clinic
336,5e5d772fb0e65991f861a4f5,Dr. Manish Sharma,Chembur East,Ophthalmologist/ Eye Surgeon,Sushrut Hospital and Research Center
337,5e5d772fb0e65991f861a4f6,Dr. Kukreja A. Kalani,Powai,Homoeopath,Kent Homeopathy Clinic
338,5e5d772fb0e65991f861a4f7,Dr. Adnan Badr   (Physiotherapist),Worli,Physiotherapist,Dr Muffi's Digestive Health Institute
339,5e5d772fb0e65991f861a4f8,Dr. Manish Singh   (Physiotherapist),Khar West,Sports and Musculoskeletal Physiotherapist,HEAL Institute
340,5e5d772fb0e65991f861a4f9,Dr. Siddharth Prakash,Andheri West,Plastic Surgeon,Dr Siddharth's Plastic Surgery Clinic
341,5e5d772fb0e65991f861a4fa,Dr. Suresh Sankla,Parel,Neurosurgeon,Global Hospitals
342,5e5d772fb0e65991f861a4fb,Dr. Shruti Bhave Joshi   (Physiotherapist),Mulund West,Physiotherapist,Clinico Diagnostic India Pvt Ltd
343,5e5d772fb0e65991f861a4fc,Ms. Meenal Mishra,Kandivali West,Clinical Psychologist,Dr's Mind Centre
344,5e5d772fb0e65991f861a4fd,Dr. Mukund Jaganathan,Chembur,Plastic Surgeon,Apollo Spectra Hospitals
345,5e5d772fb0e65991f861a4fe,Dr. Aslam Inamdar,Kurla West,Dentist,Dr. Inamdar's Dental Studio
346,5e5d772fb0e65991f861a4ff,Dr. Laxman G. Jonwal,Kandivali West,Consultant Physician,Dr. Jonwal's Niramay Ayush Panchkarm Health Institute & Research Hospital
347,5e5d772fb0e65991f861a500,Dr. Varun Shanbhag   (Physiotherapist),Andheri West,Physiotherapist,Exercise Clinic
348,5e5d772fb0e65991f861a501,Dr. Pankaj Shroff,Malad West,Pediatric Surgeon,The Childrens Hospital Mumbai
349,5e5d772fb0e65991f861a502,Dr. Raashi Mehta,Cumballa Hill,Dermatologist,Bafna Polyclinic
350,5e5d772fb0e65991f861a503,Dr. Gautam Nadkarni,Chembur,General Surgeon,Surana Sethia Hospital and Research Center
351,5e5d772fb0e65991f861a504,Dr. Ravindra Hodarkar,Chembur,Urologist,Apollo Spectra Hospitals
352,5e5d772fb0e65991f861a505,Dr. Vinod C Mehta,Ghatkopar East,Ophthalmologist/ Eye Surgeon,Mehta Eye Clinic
353,5e5d772fb0e65991f861a506,Dr. Rajshree Chavan,Dadar East,Sexologist (Ayurveda),Sahastram Ayurveda Panchkarma Center
354,5e5d772fb0e65991f861a507,Dr. Neetu Jetwani,Chembur,Homoeopath,Lifeforce Homeopathy Clinic
355,5e5d772fb0e65991f861a508,Dr. Deepak Garg,Tardeo,Ophthalmologist/ Eye Surgeon,Eye Solutions - The complete eye hospital
356,5e5d772fb0e65991f861a509,"Ms. Smita Nanda, RD",Kandivali East,Dietitian/Nutritionist,RD Smita Nanda Nutrition Consultant
357,5e5d772fb0e65991f861a50a,Dr. Ganesh Kumar A.V,Powai,Cardiologist,Dr L H Hiranandani Hospital
358,5e5d772fb0e65991f861a50b,Dr. Sana Bhamla Khan,Mumbai Central,Dermatologist,Dr. Sana Bhamla Khan - KYSHHA Skin and Hair Clinic
359,5e5d772fb0e65991f861a50c,Dr. Suresh Vijan,Mulund West,Cardiologist,Fortis Hospital
360,5e5d772fb0e65991f861a50d,Dr. Rajesh Shah,Chembur,Homoeopath,Lifeforce Homeopathy Clinic
361,5e5d772fb0e65991f861a50e,Dr. Ashlesha B Chaudhary,Mulund West,ENT/ Otorhinolaryngologist,Jupiter Hospital Speciality Clinic
362,5e5d772fb0e65991f861a50f,Dr. Sanjay Bakhshi   (Physiotherapist),Andheri West,Physiotherapist,Dr. Sanjay Bakhshi's Physioline Pain & Paralysis Centre
363,5e5d772fb0e65991f861a510,Dr. Charmi Mehta,Kandivali West,Dentist,Smile n Shine Advanced Dental Clinic
364,5e5d772fb0e65991f861a511,Dr. Shilpa Shah Gohil,Wadala,Infertility Specialist,Clear Vision Eye Clinic
365,5e5d772fb0e65991f861a512,Dr. Santosh Shetty,Chembur,Orthopedist,Surana Sethia Hospital and Research Center
366,5e5d772fb0e65991f861a513,Dr. Saachi Shingrani,Bandra West,Dental Surgeon,Divine Smiles Dental Care
367,5e5d772fb0e65991f861a514,Dr. Kirti Khopkar.,Andheri West,Ultrasonologist,Mothers Care Clinic
368,5e5d772fb0e65991f861a515,Dr. Neetu Asher,Parel,Ophthalmologist/ Eye Surgeon,Krishna Eye Centre
369,5e5d772fb0e65991f861a516,Dr. Arpit C Dave,Chembur,Orthopedist,Surana Sethia Hospital and Research Center
370,5e5d772fb0e65991f861a517,Dr. Sonal H. Sanghavi,Borivali West,Homoeopath,"Dr. Sonal Sanghavi's
 Homoeopathic Clinic"
371,5e5d772fb0e65991f861a518,Dr. Menaz Thakkar,Chembur,Dentist,Roots Dental Clinic
372,5e5d772fb0e65991f861a519,Dr. Hemant Bhandari,Bandra West,Orthopedist,Orthopaedic Ophthalmic Physiotherapy Clinic
373,5e5d772fb0e65991f861a51a,Dr. Naman Hiralal Vora,Mulund West,Dentist,Dr. Vora's Dental Care
374,5e5d772fb0e65991f861a51b,Dr. Venkateshwaran N,Mulund West,Plastic Surgeon,Jupiter Hospital Speciality Clinic
375,5e5d772fb0e65991f861a51c,Dr. Latika Chawla,Khar West,Gynecologist,Womens Hospital
376,5e5d772fb0e65991f861a51d,Dr. Aditya Nair,Goregaon East,Dentofacial Orthopedist,The Dental Studio
377,5e5d772fb0e65991f861a51e,Dr. Vivek Salunke,Goregaon West,Gynecologist,Oyster Hospital
378,5e5d772fb0e65991f861a51f,Dr. Yogen Chheda,Goregaon West,Surgical Oncologist,SRV Hospital
379,5e5d772fb0e65991f861a520,Dr. Mohit Solanki,Andheri West,Dental Surgeon,Navkar Dental Care And Implant Centre & Navkar Physiotherapy Centre
380,5e5d772fb0e65991f861a521,Dr. Sachin Wani,Mulund West,Gastroenterologist,Aditi Hospital
381,5e5d772fb0e65991f861a522,Dr. Rutuja Lalingkar   (Physiotherapist),Bandra West,Physiotherapist,HPE India - Advance Physiotherapy Studio
382,5e5d772fb0e65991f861a523,Dr. Nishi Bajaj,Juhu,Cosmetic/Aesthetic Dentist,Smilez Unlimited Dental Clinic
383,5e5d772fb0e65991f861a524,Dr. Zinal,Andheri West,Pediatrician,Mothers Care Clinic
384,5e5d772fb0e65991f861a525,Ms. Richa Anand,Powai,Dietitian/Nutritionist,Dr L H Hiranandani Hospital
385,5e5d772fb0e65991f861a526,Dr. Ashwini Bhalerao,Andheri West,Dentist,Wisdom Tooth Clinic
386,5e5d772fb0e65991f861a527,Dr. Sanjay Borude,Chembur,Bariatric Surgeon,Apollo Spectra Hospitals
387,5e5d772fb0e65991f861a528,Dr. Tasneem S Bulsara,Bandra East,Dentist,Smile Invent Dental Clinic
388,5e5d772fb0e65991f861a529,Dr. Aditya Nair,Andheri West,Dentofacial Orthopedist,Dr. Nair's Dental and Orthodontic Care
389,5e5d772fb0e65991f861a52a,Dr. Shyam Mithiya,Bandra West,Sexologist,Aashraya Developmental Aid Centre
390,5e5d772fb0e65991f861a52b,Dr. Shyam Mithiya,Ghatkopar West,Sexologist,Dr. Mithiya's Clinic
391,5e5d772fb0e65991f861a52c,Dr. Pankaj Gandhi,Malad West,General Surgeon,Vivanta Hospital
392,5e5d772fb0e65991f861a52d,Dr. Niveditha Moulik,Chembur,General Physician,Surana Sethia Hospital and Research Center
393,5e5d772fb0e65991f861a52e,Dr. Manisha Mehta,Matunga,Cosmetic/Aesthetic Dentist,Smile Studio Dental Clinic
394,5e5d772fb0e65991f861a52f,Dr. Adhye,Chembur,Homoeopath,Dr. Adhye's Homeopathic Clinic
395,5e5d772fb0e65991f861a530,Ms. Sarika nair,Kandivali East,Dietitian/Nutritionist,Reflectionz Clinic
396,5e5d772fb0e65991f861a531,Dr. Ambika Arora,Tilak Nagar,Dentist,Unique Smile Concepts
397,5e5d772fb0e65991f861a532,Dr. Anil Bradoo,Chembur East,Urologist,Sushrut Hospital and Research Center
398,5e5d772fb0e65991f861a533,Dr. Ila Tyagi,Chembur East,Obstetrician,Dr. Ila Tyagi's Gynecology and Fertility Clinic
399,5e5d772fb0e65991f861a534,Dr. Mukund Andakar,Tardeo,Urologist,Apollo Spectra Hospitals
400,5e5d772fb0e65991f861a535,Dr. Shalomith Uppapalli,Andheri West,Ophthalmologist/ Eye Surgeon,Arohi Eye Hospital
401,5e5d772fb0e65991f861a536,Dr. Pradnya Randive,Mulund East,Obstetrician,Aaditya Care
402,5e5d772fb0e65991f861a537,Dr. Vindhya Raparla,Juhu,Dermatologist,Dr Sheth's Skin And Hair Clinic
403,5e5d772fb0e65991f861a538,Dr. Prakash Sanzgiri,Mahim,Cardiologist,S L Raheja Fortis Hospital
404,5e5d772fb0e65991f861a539,Dr. Y A Matcheswalla,Parel,Psychiatrist,Global Hospitals
405,5e5d772fb0e65991f861a53a,Dr. Neha R Shah,Andheri West,Gynecologist,Prism Eye and Maternity Clinic
406,5e5d772fb0e65991f861a53b,Dr. Prajakta Vaidya,Powai,Homoeopath,Ageless Medica Health Management Pvt. Ltd.
407,5e5d772fb0e65991f861a53c,Dr. Aarti Agarwal,Matunga,General Physician,Bombay Knee & Hip Clinic
408,5e5d772fb0e65991f861a53d,Dr. Bhaskar Semitha,Mulund West,Cardiothoracic Surgeon,Fortis Hospital
409,5e5d772fb0e65991f861a53e,Dr. Prajakta A Gokhale,Borivali West,Obstetrician,Urology & Gynaecology Clinic
410,5e5d772fb0e65991f861a53f,Dr. Atul Limaye,Mulund West,Cardiologist,Fortis Hospital
411,5e5d772fb0e65991f861a540,Dr. Chinmaya Sahu,Malad West,Ophthalmologist/ Eye Surgeon,Sahu Eye Hospital
412,5e5d772fb0e65991f861a541,Dr. Pradeep Shriyan,Goregaon West,General Surgeon,SRV Hospital
413,5e5d772fb0e65991f861a542,Dr. Binhi Desai,Borivali West,ENT/ Otorhinolaryngologist,Desai Orthopedics and ENT Clinic
414,5e5d772fb0e65991f861a543,Dr. Sanket Pisat,Andheri West,Laparoscopic Surgeon (Obs & Gyn),Akanksha Maternity & Surgical Hospital
415,5e5d772fb0e65991f861a544,Dr. Niraj Jha   (Physiotherapist),Chembur,Neuro Physiotherapist,PhysioWorld
416,5e5d772fb0e65991f861a545,Dr. Janhvi Vayada   (Physiotherapist),Vileparle East,Sports and Musculoskeletal Physiotherapist,Stride Fitness and Mobility Clinic
417,5e5d772fb0e65991f861a546,Dr. Siddharth V Mehta,Ghatkopar East,Ophthalmologist/ Eye Surgeon,Mehta Eye Clinic
418,5e5d772fb0e65991f861a547,Dr. Nrupal Kothare,Dadar West,Periodontist,Perfect smile clinic
419,5e5d772fb0e65991f861a548,Dr. Gaurav Nitin Chaubal,Mulund West,Gastroenterologist,Jupiter Hospital Speciality Clinic
420,5e5d772fb0e65991f861a549,Dr. Veena G. Shinde,Andheri West,Gynecologist,Shinde's Medicare Hospital
421,5e5d772fb0e65991f861a54a,Dr. Suchita Pisat,Andheri West,Gynecologist,Akanksha Maternity & Surgical Hospital
422,5e5d772fb0e65991f861a54b,Dr. Urmi Shah,Tardeo,Ophthalmologist/ Eye Surgeon,Eye Solutions - The complete eye hospital
423,5e5d772fb0e65991f861a54c,Dr. Anirudhha Gokhale,Borivali West,Urologist,Urology & Gynaecology Clinic
424,5e5d772fb0e65991f861a54d,Dr. Chetan Shah,Parel,Cardiologist,Global Hospitals
425,5e5d772fb0e65991f861a54e,Dr. Hasmukh Ravat,Mulund West,Interventional Cardiologist,Fortis Hospital
426,5e5d772fb0e65991f861a54f,Dr. Jatin Ashar,Ghatkopar East,Ophthalmologist/ Eye Surgeon,Mumbai Eye Care Cornea and Lasik Centre
427,5e5d772fb0e65991f861a550,Dr. Zubeda Tumbi   (PhD),Andheri West,Dietitian/Nutritionist,Healthwatch Nutrition Clinic
428,5e5d772fb0e65991f861a551,Dr. Anwar Khan,Vileparle,Ayurveda,Ayushakti Ayurved  Health Centre
429,5e5d772fb0e65991f861a552,Dr. Praveen Kulkarni,Parel,Cardiologist,Global Hospitals
430,5e5d772fb0e65991f861a553,Dr. Prasad Chaudhari,Chembur,Orthopedist,Surana Sethia Hospital and Research Center
431,5e5d772fb0e65991f861a554,Dr. Rahul P. Shah,Andheri West,Ophthalmologist/ Eye Surgeon,Prism Eye and Maternity Clinic
432,5e5d772fb0e65991f861a555,Dr. Avais Pathan,Byculla,Diabetologist,Dr Pathan'S Diabetes Specialties Clinic
433,5e5d772fb0e65991f861a556,Dr. Amit Bhagwan Thadhani,Chembur East,General Surgeon,Sushrut Hospital and Research Center
434,5e5d772fb0e65991f861a557,Dr. Priti Trivedi,Ghatkopar West,Dermatologist,Dr.Priti's Dermat Clinic
435,5e5d772fb0e65991f861a558,Dr. Gayatri Deshpande,Andheri West,Gynecologist,Tulip Gynecare Clinic
436,5e5d772fb0e65991f861a559,Dr. Gopal Patil,Chembur East,General Surgeon,Sushrut Hospital and Research Center
437,5e5d772fb0e65991f861a55a,Dr. Nitin Goradia,Grant Road,Ayurveda,Goradia Ayurvedic Clinic.
438,5e5d772fb0e65991f861a55b,Dr. P A Kale,Mulund West,Cardiologist,Fortis Hospital
439,5e5d772fb0e65991f861a55c,Dr. Milind More,Ghatkopar,Laparoscopic Surgeon,Parakh Hospital
440,5e5d772fb0e65991f861a55d,Dr. Riddhi Gandhi Shah,Ghatkopar West,Dermatologist,Pooja Maternity Nursing Home & Ent Center
441,5e5d772fb0e65991f861a55e,Dr. Nishikant Borse,Parel,Ophthalmologist/ Eye Surgeon,Krishna Eye Centre
442,5e5d772fb0e65991f861a55f,Dr. Ramesh Patel,Borivali West,Orthopedist,Punit Hospital
443,5e5d772fb0e65991f861a560,Dr. Amit Shah,Mulund West,General Physician,Aditi Hospital
444,5e5d772fb0e65991f861a561,Dr. Himanshu Mehta,Juhu,Ophthalmologist/ Eye Surgeon,The Vission Eye Center
445,5e5d772fb0e65991f861a562,Ms. Rajvi Sheth,Andheri West,Psychologist,Harleys Cosmetic & Women Clinic
446,5e5d772fb0e65991f861a563,Dr. Kiran Shandilya,Kandivali West,Psychiatrist,Dr's Mind Centre
447,5e5d772fb0e65991f861a564,Dr. Shah Suresh Fulchand,Parel,Pediatrician,Global Hospitals
448,5e5d772fb0e65991f861a565,Dr. Manish Singh   (Physiotherapist),Colaba,Sports and Musculoskeletal Physiotherapist,HEAL Institute
449,5e5d772fb0e65991f861a566,Dr. Ashwini Renganathan   (Physiotherapist),Andheri West,Physiotherapist,Exercise Clinic
450,5e5d772fb0e65991f861a567,Dr. Marionette B Pereira,Malad West,Pediatrician,The Childrens Hospital Mumbai
451,5e5d772fb0e65991f861a568,Dr. Shefali Parikh,Andheri East,Ophthalmologist/ Eye Surgeon,Shreeji Eye Clinic
452,5e5d772fb0e65991f861a569,Dr. Sushrut Save,Dadar,,La'mer Clinic
453,5e5d772fb0e65991f861a56a,Dr. Reshma Phulwar,Chembur East,Dentist,32 Pearls Dental Clinic
454,5e5d772fb0e65991f861a56b,Dr. Ketki Trivedi,Vileparle,Ayurveda,Ayushakti Ayurved  Health Centre
455,5e5d772fb0e65991f861a56c,Dr. Shruti Chavan,Marine Lines,Dermatologist,Dr.Sheth's Skin & Hair Clinic
456,5e5d772fb0e65991f861a56d,Dr. Hemant Brahme,Mahim,Gynecologist,S L Raheja Fortis Hospital
457,5e5d772fb0e65991f861a56e,Dr. Biswajeet Naidu,Chembur,Orthopedist,Suchi Roy Clinic
458,5e5d772fb0e65991f861a56f,Dr. Charmi D. Parekh,Ghatkopar East,Gynecologist,Dr. Deep Parekh's 'Mom & Me' Clinic
459,5e5d772fb0e65991f861a570,Dr. Nilesha Chitre,Goregaon West,Gynecologist,SRV Hospital
460,5e5d772fb0e65991f861a571,Dr. Girish Shetake,Sakinaka,Dentist,Magident Family Dental Care
461,5e5d772fb0e65991f861a572,Dr. Jatin Choksi,Tardeo,Laparoscopic Surgeon,Apollo Spectra Hospitals
462,5e5d772fb0e65991f861a573,Dr. Santosh Pandey,Santacruz West,Yoga and Naturopathy,Shenmen Healing Center
463,5e5d772fb0e65991f861a574,Dr. Ramakanta Panda,Bandra East,Cardiac Surgeon,Asian Heart Institute And Research Centre
464,5e5d772fb0e65991f861a575,Dr. Abhijit Joshi,Powai,General Surgeon,Dr L H Hiranandani Hospital
465,5e5d772fb0e65991f861a576,Dr. Kanika Agrawal,Kandivali East,Dermatologist,Reflectionz Clinic
466,5e5d772fb0e65991f861a577,Dr. G. Sundaram,Chembur East,Orthopedist,Sushrut Hospital and Research Center
467,5e5d772fb0e65991f861a578,Dr. Vijay D'Silva,Bandra East,General Physician,Asian Heart Institute And Research Centre
468,5e5d772fb0e65991f861a579,Dr. Siddharth S. Mishra   (Physiotherapist),Andheri West,Physiotherapist,Anjum's Diet & Wellness
469,5e5d772fb0e65991f861a57a,Dr. Vimal J.Pahuja,Powai,General Physician,Dr L H Hiranandani Hospital
470,5e5d772fb0e65991f861a57b,Dr. Mallika Tewari,Mira Road,Surgical Oncologist,Wockhardt Hospitals
471,5e5d772fb0e65991f861a57c,Dr. Vikas Jain,Ghatkopar,Spine Surgeon,Parakh Hospital
472,5e5d772fb0e65991f861a57d,Ms. Himani Mittal,Andheri West,Dietitian/Nutritionist,Harleys Cosmetic & Women Clinic
473,5e5d772fb0e65991f861a57e,Dr. Yuvaraja S Shetty,Mulund West,Paediatric Intensivist,Dr. Yuvaraja S Shetty Child Health Center and Polyclinic
474,5e5d772fb0e65991f861a57f,Dr. Sanjay Mehta,Ghatkopar East,Gynecologist,"Parakh Hospital - Gynecology, Obstetrics & IVF"
475,5e5d772fb0e65991f861a580,Dr. Dhananjay Padwal   (Physiotherapist),Khar West,Physiotherapist,HEAL Institute
476,5e5d772fb0e65991f861a581,Dr. Darshana Gadgil,Andheri East,Ophthalmologist/ Eye Surgeon,Sai Netra Advanced Eye Care
477,5e5d772fb0e65991f861a582,Dr. Jagdip Shah,Ghatkopar West,Gynecologist,Pooja Maternity Nursing Home & Ent Center
478,5e5d772fb0e65991f861a583,Dr. Shailendra Patil,Mulund West,Orthopedist,Aditi Hospital
479,5e5d772fb0e65991f861a584,Dr. Bella Jagtap Palnitkar,Vileparle West,Gynecologist,Irla Nursing Home & Polyclinic
480,5e5d772fb0e65991f861a585,Dr. Ajay Doiphode,Andheri West,ENT/ Otorhinolaryngologist,Dr Ajay Doiphode's Prime ENT Clinic
481,5e5d772fb0e65991f861a586,Dr. Sharda Arvind,Khar West,Gynecologist,Womens Hospital
482,5e5d772fb0e65991f861a587,Dr. Mary Grace Dakey,Andheri East,Dental Surgeon,Care 32 Family Dental Care Centre
483,5e5d772fb0e65991f861a588,Dr. Dhara Shah   (Physiotherapist),Borivali West,Physiotherapist,Total Health Care
484,5e5d772fb0e65991f861a589,Dr. Fauzia Khimani Naaz,Mumbai Central,Dentist,Dental Expertz Clinic
485,5e5d772fb0e65991f861a58a,Dr. Anjali Mhatre,Malad West,Gynecologist,Vivanta Hospital
486,5e5d772fb0e65991f861a58b,Dr. Farida Modi,Opera House,Cosmetologist,Derma Care
487,5e5d772fb0e65991f861a58c,Dr. Ajay Thaker,Mulund West,Dentist,Dr. Ajay Thaker's Smiles Royale Dental Clinic
488,5e5d772fb0e65991f861a58d,Dr. Deepam J. Shah,Opera House,Dermatologist,Viva Cosmetic Clinic
489,5e5d772fb0e65991f861a58e,Dr. Vibha Murarka,Girgaon,Dermatologist,Believe - Health And Skin Clinic
490,5e5d772fb0e65991f861a58f,Dr. Jayashree Gupte,Kandivali East,Dentist,Dr. Gupte's Clinic
491,5e5d772fb0e65991f861a590,Dr. Gayatri Rao,Khar West,Obstetrician,Womens Hospital
492,5e5d772fb0e65991f861a591,Dr. Raghvendra Ramdasi,Malad West,Neurosurgeon,Vivanta Hospital
493,5e5d772fb0e65991f861a592,Dr. Anjali Shere,Andheri,Dermatologist,Hair Science
494,5e5d772fb0e65991f861a593,Dr. Amrita Utekar,Chembur,Homoeopath,Lifeforce Homeopathy Clinic
495,5e5d772fb0e65991f861a594,Dr. B.R. Ramesh Rao,Andheri East,Nephrologist/Renal Specialist,Sanjeevani Kidney Care
496,5e5d772fb0e65991f861a595,Dr. Sandhya Biyani,Bandra West,Dental Surgeon,Divine Smiles Dental Care
497,5e5d772fb0e65991f861a596,Dr. Milind More,Chembur,Laparoscopic Surgeon,Surana Sethia Hospital and Research Center
498,5e5d772fb0e65991f861a597,Dr. Dipak D Goradia,Grant Road,Ayurveda,Goradia Ayurvedic Clinic.
499,5e5d772fb0e65991f861a598,Dr. Shyam Mithiya,Andheri East,Sexologist,Psychiatry and Sex Clinic
