Hospital_Name,Location,Hospital_Timings,Hospital_Rating
Dharmadhikari Ayurveda Clinic and Research Center,Vileparle East,SUN02:30 PM-05:00 PM,5
Dental Speciality Care,Chembur,"MON-SAT09:00 AM-02:00 PM, 04:30 PM-09:00 PM",5
Apollo Spectra Hospitals,Tardeo,MON-SAT08:00 AM-10:00 PM,4
Ageless Medica Health Management Pvt. Ltd.,Powai,MON-SAT10:00 AM-07:00 PM,4.5
Dr Pandey's Prime ENT Clinic,Andheri West,MON-SAT12:00 PM-02:30 PM,5
Dr L H Hiranandani Hospital,Powai,MON-SUN12:00 AM-11:55 PM,3.5
Saraogi Hospital & IRIS IVF Centre,Malad West,MON-SUN10:00 AM-08:00 PM,4.5
Smile Centre Dental Clinic,Bhandup West,"MON-TUE, THU-SAT09:00 AM-01:00 PM, 05:30 PM-09:30 PMWED09:00 AM-01:00 PM, 05:00 PM-09:30 PMSUN12:00 AM-12:00 PMshow more",5
Apollo Spectra Hospitals,Chembur,MON-SAT07:00 AM-10:00 PM,4.5
Perfect smile clinic,Dadar West,"MON-FRI09:30 AM-02:00 PM, 05:00 PM-08:30 PMSAT09:30 AM-02:00 PMshow more",5
Apollo Spectra Hospitals,Chembur,MON-SAT07:00 AM-10:00 PM,4.5
Vivanta Hospital,Malad West,MON-SAT12:00 AM-11:59 PM,4.5
The Childrens Hospital Mumbai,Malad West,MON-SUN12:00 AM-11:59 PM,4
Skinfiniti Cosmetic and Laser Clinic,Khar West,MON-SAT10:00 AM-08:00 PM,5
Anjum's Diet & Wellness,Andheri West,MON-SAT10:00 AM-09:00 PM,5
Smile Studio Dental Clinic,Worli,MON-SAT09:30 AM-08:30 PM,5
Shreeji Eye Clinic,Andheri East,MON-FRI09:00 AM-08:30 PMSAT09:00 AM-07:15 PMshow more,5
Gala Skin & Hair Clinic,Matunga,"MON, WED12:00 PM-02:30 PM, 05:00 PM-09:00 PMTUE, THU, SAT12:00 PM-03:00 PM, 06:30 PM-09:00 PMFRI05:00 PM-09:00 PMshow more",5
Alankrit Physiotherapy N Fitness,Kandivali West,MON-SAT08:00 AM-10:00 PM,5
Parakh Hospital,Ghatkopar,MON-SUN12:00 AM-11:59 PM,4.5
Unlimited Potentialities,Borivali West,MON-SAT10:00 AM-08:00 PM,4.5
Shrishti Fertility Care Centre and Women Clinic,Goregaon East,MON-SAT09:00 AM-10:00 PM,4.5
Global Hospitals,Parel,MON-SAT07:00 AM-09:00 PM,4
Parakh Hospital,Ghatkopar,MON-SUN12:00 AM-11:59 PM,4.5
Vivanta Hospital,Malad West,MON-SAT12:00 AM-11:59 PM,4.5
The Dental Studio,Goregaon East,MON-SAT09:00 AM-09:00 PM,5
HEAL Institute,Khar West,MON-SAT08:00 AM-09:00 PMSUN08:00 AM-04:00 PMshow more,5
Eye Solutions - The complete eye hospital,Tardeo,MON-FRI10:00 AM-06:00 PMSAT09:00 AM-04:00 PMshow more,5
Alankrit Physiotherapy N Fitness,Kandivali West,MON-SAT08:00 AM-10:00 PM,5
Global Hospitals,Parel,MON-SAT07:00 AM-09:00 PM,4
Rotunda - The Center for Human Reproduction,Parel,MON-SAT08:00 AM-05:30 PM,4.5
Wockhardt Hospitals,Mira Road,MON-SUN12:00 AM-11:59 PM,4
Unlimited Potentialities,Borivali West,MON-SAT10:00 AM-08:00 PM,4.5
HEAL Institute,Colaba,MON-SAT08:00 AM-08:00 PMSUN10:00 AM-06:00 PMshow more,5
Parakh Hospital,Ghatkopar,MON-SUN12:00 AM-11:59 PM,4.5
Parchure Nursing Home,Dadar East,MON-SAT07:00 AM-10:00 PM,5
Finesse,Goregaon East,"MON-WED, FRI-SUN11:00 AM-08:00 PM",5
Unlimited Potentialities,Borivali West,MON-SAT10:00 AM-08:00 PM,4.5
SRV Hospital,Goregaon West,MON-SAT12:00 AM-11:59 PM,5
Identity Dental Lounge,Andheri East,MON-SAT09:00 AM-09:30 PMSUN09:00 AM-02:30 PMshow more,5
Physio Wellness,Andheri East,"MON-SAT08:00 AM-12:30 PM, 04:30 PM-10:00 PM",5
SRV Hospital,Goregaon West,MON-SAT12:00 AM-11:59 PM,5
Sushrut Hospital and Research Center,Chembur East,MON-SAT08:00 AM-08:00 PM,4
Dr Zeenats Skin Clinic,Andheri West,MON-SAT10:00 AM-05:00 PM,5
Parakh Hospital,Ghatkopar,MON-SUN12:00 AM-11:59 PM,4.5
Dental Speciality Care,Chembur,"MON-SAT09:00 AM-02:00 PM, 04:30 PM-09:00 PM",5
Pooja Maternity Nursing Home & Ent Center,Ghatkopar West,MON-SAT09:00 AM-09:00 PM,5
Irla Nursing Home & Polyclinic,Vileparle West,MON-SUN12:00 AM-11:59 PM,5
Reflectionz Clinic,Kandivali East,"MON, WED, FRI11:00 AM-10:00 PMTUE, THU, SAT-SUN10:00 AM-10:00 PMshow more",5
Skin N Sculpt,Andheri East,MON-SAT10:00 AM-08:30 PM,4.5
Aavishkar Centre For Self Enrichment,Dadar West,MON-FRI02:00 PM-08:00 PMSAT01:00 PM-05:00 PMshow more,5
Smile Again,Dadar East,MON-SAT09:00 AM-09:00 PMSUN10:00 AM-02:00 PMshow more,5
Dr. Khandeparkar's  Infertility and IVF Centre,Dadar East,MON-SAT10:00 AM-10:00 PM,4.5
Dr. Gupte's Clinic,Kandivali East,"MON-WED, FRI-SAT10:00 AM-01:00 PM, 06:00 PM-09:30 PMTHU10:00 AM-01:00 PM, 05:00 PM-09:30 PMshow more",5
Gurukrupa Advanced Dental Care Center,Malad West,MON-SAT09:30 AM-08:30 PM,5
I Sight Eyecare And Surgery,Khar West,MON-SAT09:00 AM-09:30 PM,5
Fortis Hospital,Mulund West,MON-SUN08:00 AM-10:00 PM,4
Dr. Nishant's Dental Surgeons Planet,Powai,MON-SAT08:00 AM-11:00 PMSUN09:00 AM-11:00 PMshow more,5
Eye Solutions - The complete eye hospital,Tardeo,MON-FRI10:00 AM-06:00 PMSAT09:00 AM-04:00 PMshow more,5
Apollo Spectra Hospitals,Tardeo,MON-SAT08:00 AM-10:00 PM,4
Dr ABR Desai ENT Clinic,Charni Road,MON-FRI04:00 PM-09:00 PM,3.5
Clear Vision Eye Clinic,Wadala,"MON-SUN09:30 AM-12:30 PM, 05:00 PM-09:00 PM",5
Goradia Ayurvedic Clinic.,Grant Road,"MON-SAT09:30 AM-01:00 PM, 03:30 PM-07:30 PM",5
Dr. Vora's Dental Care,Mulund West,MON-SUN08:00 AM-09:30 PM,5
Krishna Eye Centre,Parel,"MON-TUE, THU-FRI10:00 AM-07:00 PMWED, SAT09:00 AM-07:00 PMSUN12:00 AM-03:00 PMshow more",5
Om Shanti Clinic,Jogeshwari East,"MON-SAT12:00 PM-02:30 PM, 08:00 PM-11:30 PM",5
Dr Muffi's Digestive Health Institute,Worli,MON-SUN09:00 AM-09:00 PM,4.5
Exercise Clinic,Andheri West,"MON-SAT10:00 AM-01:00 PM, 06:30 PM-09:00 PM",5
Jupiter Hospital Speciality Clinic,Mulund West,MON-SAT09:00 AM-09:00 PM,4.5
S L Raheja Fortis Hospital,Mahim,MON-SUN08:00 AM-10:00 PM,4
Jupiter Hospital Speciality Clinic,Mulund West,MON-SAT09:00 AM-09:00 PM,4.5
Utture Urology Clinic,Mahim,MON-SAT07:30 AM-09:30 PM,4
HPE India - Advance Physiotherapy Studio,Bandra West,MON-SUN09:00 AM-10:00 PM,5
Smile n Shine Advanced Dental Clinic,Kandivali West,"MON-FRI09:00 AM-02:00 PM, 05:00 PM-09:30 PMSAT09:00 AM-09:00 PMSUN09:00 AM-07:00 PMshow more",5
Dr. Shruti's Dental Clinic,Goregaon West,"MON-FRI09:30 AM-01:00 PM, 05:30 PM-09:00 PMSAT09:30 AM-02:30 PMshow more",5
Aditi Hospital,Mulund West,MON-SUN12:00 AM-11:59 PM,4.5
Ambrosia Aesthetics,Andheri West,"MON-SAT10:30 AM-01:00 PM, 03:00 PM-07:00 PM",4.5
RheumDerma Clinic,Prabhadevi,"MON-WED, FRI-SAT02:00 PM-08:00 PMTHU04:00 AM-08:00 PMshow more",5
The Skin Clinic,Goregaon East,"MON-SAT10:00 AM-01:00 PM, 05:00 PM-09:00 PM",4.5
Vivanta Hospital,Malad West,MON-SAT12:00 AM-11:59 PM,4.5
SRV Hospital,Goregaon West,MON-SAT12:00 AM-11:59 PM,5
Ayushakti Ayurved  Health Centre,Vileparle,MON-SUN09:00 AM-09:00 PM,null
Harleys Cosmetic & Women Clinic,Andheri West,MON-SAT10:00 AM-09:00 PM,5
Apollo Spectra Hospitals,Tardeo,MON-SAT08:00 AM-10:00 PM,4
Aharayogam,Mulund West,MON-SAT08:00 AM-09:00 PMSUN08:00 AM-05:00 PMshow more,5
KRS Derma Care,Kandivali West,"MON09:30 AM-02:30 PM, 07:00 PM-09:00 PMTUE, THU09:30 AM-03:00 PM, 07:30 PM-09:00 PMWED07:30 PM-09:00 PMFRI09:30 AM-03:00 PM, 06:00 PM-09:00 PMSAT10:30 AM-04:00 PM, 07:30 PM-09:00 PMshow more",3.5
Desai Orthopedics and ENT Clinic,Borivali West,MON-SAT05:00 PM-09:30 PM,5
The Bombay Skin Clinic,Girgaon,"MON-TUE, THU, SAT11:00 AM-08:30 PMWED11:00 AM-07:00 PMFRI01:00 PM-08:30 PMshow more",4.5
Stride Fitness and Mobility Clinic,Vileparle East,MON-FRI10:00 AM-07:00 PMSAT10:30 AM-07:00 PMshow more,5
The Childrens Hospital Mumbai,Malad West,MON-SUN12:00 AM-11:59 PM,4
Wockhardt Hospitals,Mira Road,MON-SUN12:00 AM-11:59 PM,4
The Dental Hub,Goregaon West,MON-SUN07:00 AM-11:00 PM,null
Dr. Naazneen's Psychiatric Centre,Andheri West,MON-SUN11:00 AM-09:00 PM,4.5
Dr Sheth's Skin And Hair Clinic,Juhu,MON-SAT09:30 AM-06:00 PM,5
I Sight Eyecare And Surgery,Khar West,MON-SAT09:00 AM-09:30 PM,5
PhysioWorld,Chembur,MON-SUN09:00 AM-10:00 PM,5
Speciality Dental Centre & Dental Implants,Dahisar East,"MON-SAT10:00 AM-01:00 PM, 05:30 PM-09:00 PM",5
Navkar Dental Care And Implant Centre & Navkar Physiotherapy Centre,Andheri West,"MON-SAT09:00 AM-02:00 PM, 04:30 PM-09:00 PMSUN10:00 AM-12:30 PMshow more",5
Homoeopathic Clinic,Bhandup West,"MON-SAT10:00 AM-02:00 PM, 05:00 PM-09:00 PM",5
Shishu Child Care Clinic,Andheri East,"MON-FRI10:00 AM-12:30 PM, 06:45 PM-09:30 PMSAT10:00 AM-01:30 PMshow more",5
Shah Superspeciality Clinic,Gamdevi,MON-SAT12:00 PM-08:00 PM,5
Dr Ramona's Dental Clinic,Powai,MON-SAT08:00 AM-09:30 PM,5
Identity Dental Lounge,Andheri East,MON-SAT09:00 AM-09:30 PMSUN09:00 AM-02:30 PMshow more,5
Dr. Nair's Dental and Orthodontic Care,Andheri West,MON-SAT10:00 AM-09:00 PM,5
Dr. Lulla's Homeopathy Clinic,Chembur East,"MON-SAT10:00 AM-02:00 PM, 06:00 PM-09:30 PM",5
Dr. Goel's Clinic,Dadar,MON-FRI09:00 AM-09:00 PMSAT09:00 AM-06:00 PMshow more,5
Shah Superspeciality Clinic,Gamdevi,MON-SAT12:00 PM-08:00 PM,5
Surana Sethia Hospital and Research Center,Chembur,MON-SUN12:00 AM-11:59 PM,4.5
Dr. Deep Parekh's 'Mom & Me' Clinic,Ghatkopar East,"MON-SAT10:00 AM-02:30 PM, 05:00 PM-09:00 PM",5
Arohi Eye Hospital,Andheri West,MON-SUN09:00 AM-08:00 PM,5
Oma Hospital,Chembur,MON-FRI09:00 AM-09:00 PMSAT12:00 AM-09:15 PMshow more,4
Wockhardt Hospitals,Mira Road,MON-SUN12:00 AM-11:59 PM,4
Wockhardt Hospitals,Mira Road,MON-SUN12:00 AM-11:59 PM,4
Ayushi Skin Clinic,Andheri West,"MON, WED-SAT10:00 AM-06:00 PMTUE10:00 AM-04:00 PMSUN10:00 AM-01:00 PMshow more",5
Clinico Diagnostic India Pvt Ltd,Mulund West,"MON-SUN10:00 AM-01:30 PM, 04:00 PM-05:00 PM",5
Asthma Allergy Clinic - Siddhi Polyclinic,Andheri West,"MON-SAT11:00 AM-02:00 PM, 06:00 PM-09:00 PMSUN12:00 AM-04:00 PMshow more",5
Oyster Hospital,Goregaon West,MON-SUN12:00 AM-11:59 PM,null
Vandita's Dental Care,Goregaon East,MON-SUN09:00 AM-09:00 PM,4.5
Neha Ranglani Clinic,Bandra West,"MON, WED, FRI04:30 PM-07:00 PMTUE, THU11:00 AM-01:30 PMSAT11:00 AM-01:30 PM, 04:30 PM-07:00 PMshow more",4.5
The Childrens Hospital Mumbai,Malad West,MON-SUN12:00 AM-11:59 PM,4
S L Raheja Fortis Hospital,Mahim,MON-SUN08:00 AM-10:00 PM,4
Anjum's Diet & Wellness,Andheri West,MON-SAT10:00 AM-09:00 PM,5
Vivanta Hospital,Malad West,MON-SAT12:00 AM-11:59 PM,4.5
Vivanta Hospital,Malad West,MON-SAT12:00 AM-11:59 PM,4.5
Oyster Hospital,Goregaon West,MON-SUN12:00 AM-11:59 PM,null
Unique Smile Concepts,Tilak Nagar,"MON-SAT09:30 AM-02:30 PM, 05:30 PM-10:00 PMSUN10:00 AM-02:00 PMshow more",5
Dr. Goel's Clinic,Dadar,MON-FRI09:00 AM-09:00 PMSAT09:00 AM-06:00 PMshow more,5
Skin Matra,Mahim,MON-SAT09:00 AM-09:00 PM,5
Global Hospitals,Parel,MON-SAT07:00 AM-09:00 PM,4
The Dental Studio,Goregaon East,MON-SAT09:00 AM-09:00 PM,5
Smile Essentials,Bandra West,MON-SUN09:00 AM-08:00 PM,5
Dr Gala's Vital Healing Homoeopathic Clinic,Andheri West,MON-SAT06:00 PM-09:15 PM,5
Dr. Sana Bhamla Khan's - KYSHHA Skin & Hair Clinic,Andheri West,"TUE, SAT04:00 PM-08:00 PM",4.5
Pooja Maternity Nursing Home & Ent Center,Ghatkopar West,MON-SAT09:00 AM-09:00 PM,5
My Smile Dental Clinic,Andheri West,"MON-SAT10:00 AM-01:00 PM, 02:00 PM-08:00 PM",5
Total Health Care,Borivali West,MON-SAT09:00 AM-09:00 PMSUN10:00 AM-01:00 PMshow more,4.5
Saraogi Hospital & IRIS IVF Centre,Malad West,MON-SUN10:00 AM-08:00 PM,4.5
RheumDerma Clinic,Prabhadevi,"MON-WED, FRI-SAT02:00 PM-08:00 PMTHU04:00 AM-08:00 PMshow more",5
Bright 32 Dental Care & Orthodontic Centre,Kandivali East,"MON-SAT10:00 AM-01:30 PM, 05:30 PM-09:30 PM",5
Mulekar Vitilgo Clinic,Andheri West,MON-SAT09:00 AM-06:30 PM,5
Chaitanya Mindcare Centre,Andheri West,MON-SAT05:30 PM-09:30 PM,5
Apollo Spectra Hospitals,Tardeo,MON-SAT08:00 AM-10:00 PM,4
Wockhardt Hospitals,Mira Road,MON-SUN12:00 AM-11:59 PM,4
Ageless Medica Health Management Pvt. Ltd.,Powai,MON-SAT10:00 AM-07:00 PM,4.5
Saraogi Hospital & IRIS IVF Centre,Malad West,MON-SUN10:00 AM-08:00 PM,4.5
Asian Heart Institute And Research Centre,Bandra East,MON-SUN12:00 AM-11:30 PM,4
S L Raheja Fortis Hospital,Mahim,MON-SUN08:00 AM-10:00 PM,4
Dr. Nishant's Dental Surgeons Planet,Powai,MON-SAT08:00 AM-11:00 PMSUN09:00 AM-11:00 PMshow more,5
Fortis Hospital,Mulund West,MON-SUN08:00 AM-10:00 PM,4
Dr L H Hiranandani Hospital,Powai,MON-SUN12:00 AM-11:55 PM,3.5
Aditi Hospital,Mulund West,MON-SUN12:00 AM-11:59 PM,4.5
Dent Heal,Bandra West,MON-SAT10:00 AM-09:00 PMSUN02:00 PM-05:00 PMshow more,5
Dr. Vora's Dental Care,Mulund West,MON-SUN08:00 AM-09:30 PM,5
Winning Smiles Dental Clinic,Kandivali East,MON-SAT09:40 AM-10:00 PM,5
Aaditya Care,Mulund East,MON-SAT08:00 AM-10:00 PM,5
SRV Hospital,Goregaon West,MON-SAT12:00 AM-11:59 PM,5
SRV Hospital,Goregaon West,MON-SAT12:00 AM-11:59 PM,5
Apollo Spectra Hospitals,Chembur,MON-SAT07:00 AM-10:00 PM,4.5
S L Raheja Fortis Hospital,Mahim,MON-SUN08:00 AM-10:00 PM,4
"Dr. Hitesh Shah's ""Sexology, Stress Management & Counselling Clinic""",Kandivali West,MON-SUN09:00 AM-09:00 PM,5
S L Raheja Fortis Hospital,Mahim,MON-SUN08:00 AM-10:00 PM,4
HEAL Institute,Colaba,MON-SAT08:00 AM-08:00 PMSUN10:00 AM-06:00 PMshow more,5
I Sight Eyecare And Surgery,Khar West,MON-SAT09:00 AM-09:30 PM,5
CosmoDent Hi-Tech Dental Hospital,Powai,"MON, THU, SAT10:00 AM-03:00 PM, 04:00 PM-10:00 PMTUE-WED, FRI10:00 AM-03:00 PM, 04:00 PM-09:00 PMSUN10:00 AM-02:00 PMshow more",5
Dr Gayatri's Cosmetic Clinic,Mulund West,MON-SAT10:00 AM-09:00 PM,4.5
Parchure Nursing Home,Dadar East,MON-SAT07:00 AM-10:00 PM,5
Dr. Vora's Dental Care,Mulund West,MON-SUN08:00 AM-09:30 PM,5
Physio Wellness,Andheri East,"MON-SAT08:00 AM-12:30 PM, 04:30 PM-10:00 PM",5
Patwardhan Homoeopathy Clinic,Dadar West,"MON-SAT10:00 AM-01:00 PM, 05:00 PM-08:30 PM",5
Punit Hospital,Borivali West,"MON-SAT09:00 AM-01:00 PM, 05:00 PM-09:00 PM",5
Asian Heart Institute And Research Centre,Bandra East,MON-SUN12:00 AM-11:30 PM,4
Prism Eye and Maternity Clinic,Andheri West,MON-SAT10:00 AM-09:00 PM,5
Parchure Nursing Home,Dadar East,MON-SAT07:00 AM-10:00 PM,5
Jupiter Hospital Speciality Clinic,Mulund West,MON-SAT09:00 AM-09:00 PM,4.5
Dental Expertz Clinic,Mumbai Central,"MON, WED-SAT10:30 AM-11:00 PMTUE10:30 AM-11:30 PMSUN12:00 PM-03:00 PM, 05:00 PM-09:00 PMshow more",5
Pushpaa Hospital,Andheri West,MON-SUN12:00 AM-11:59 PM,5
Gurukrupa Advanced Dental Care Center,Malad West,MON-SAT09:30 AM-08:30 PM,5
The Childrens Hospital Mumbai,Malad West,MON-SUN12:00 AM-11:59 PM,4
Krishna Eye Centre,Parel,"MON-TUE, THU-FRI10:00 AM-07:00 PMWED, SAT09:00 AM-07:00 PMSUN12:00 AM-03:00 PMshow more",5
Smile Studio Dental Clinic,Matunga,MON-SAT09:30 AM-08:30 PM,5
Smilez Unlimited Dental Clinic,Juhu,MON-SAT09:00 AM-09:00 PM,5
Wockhardt Hospitals,Mira Road,MON-SUN12:00 AM-11:59 PM,4
Rotunda - The Center for Human Reproduction,Parel,MON-SAT08:00 AM-05:30 PM,4.5
Sushrut Hospital and Research Center,Chembur East,MON-SAT08:00 AM-08:00 PM,4
Womens Hospital,Khar West,MON-SUN12:00 AM-11:59 PM,5
Dr.Sheth's Skin & Hair Clinic,Marine Lines,MON-SAT09:30 AM-06:00 PMSUN12:00 AM-06:00 PMshow more,5
Surana Sethia Hospital and Research Center,Chembur,MON-SUN12:00 AM-11:59 PM,4.5
Jain Diagnostic Centre,Lower Parel,MON-SAT09:30 AM-09:30 PM,5
Oma Hospital,Chembur,MON-FRI09:00 AM-09:00 PMSAT12:00 AM-09:15 PMshow more,4
Skin N Sculpt,Andheri East,MON-SAT10:00 AM-08:30 PM,4.5
Surana Sethia Hospital and Research Center,Chembur,MON-SUN12:00 AM-11:59 PM,4.5
My Smile Dental Clinic,Andheri West,"MON-SAT10:00 AM-01:00 PM, 02:00 PM-08:00 PM",5
Skin Matra,Mahim,MON-SAT09:00 AM-09:00 PM,5
Dr L H Hiranandani Hospital,Powai,MON-SUN12:00 AM-11:55 PM,3.5
Smilez Unlimited Dental Clinic,Juhu,MON-SAT09:00 AM-09:00 PM,5
Unique Smile Concepts,Tilak Nagar,"MON-SAT09:30 AM-02:30 PM, 05:30 PM-10:00 PMSUN10:00 AM-02:00 PMshow more",5
Dr's Mind Centre,Kandivali West,MON-SAT10:00 AM-08:00 PM,4.5
Ageless Medica Health Management Pvt. Ltd.,Powai,MON-SAT10:00 AM-07:00 PM,4.5
Sushrut Hospital and Research Center,Chembur East,MON-SAT08:00 AM-08:00 PM,4
Mothers Care Clinic,Andheri West,MON-FRI08:30 AM-08:00 PMSAT08:30 AM-02:00 PMshow more,5
S L Raheja Fortis Hospital,Mahim,MON-SUN08:00 AM-10:00 PM,4
Dental Square,Andheri East,"MON-SAT09:00 AM-01:00 PM, 05:00 PM-09:00 PM",5
Sushrut Hospital and Research Center,Chembur East,MON-SAT08:00 AM-08:00 PM,4
Care 32 Family Dental Care Centre,Andheri East,"MON-SAT12:00 AM-10:00 PMSUN10:00 AM-01:30 PM, 01:45 PM-09:00 PMshow more",5
La'mer Clinic,Dadar,MON-SAT10:30 AM-08:30 PM,4.5
Nandini Joshi's Homeopathic Clinic,Mulund West,MON-SAT12:00 AM-11:59 PM,5
Dent Heal,Bandra West,MON-SAT10:00 AM-09:00 PMSUN02:00 PM-05:00 PMshow more,5
Punit Hospital,Borivali West,"MON-SAT09:00 AM-01:00 PM, 05:00 PM-09:00 PM",5
Jupiter Hospital Speciality Clinic,Mulund West,MON-SAT09:00 AM-09:00 PM,4.5
Ayushakti Ayurved  Health Centre,Vileparle,MON-SUN09:00 AM-09:00 PM,null
Pushpaa Hospital,Andheri West,MON-SUN12:00 AM-11:59 PM,5
SRV Hospital,Goregaon West,MON-SAT12:00 AM-11:59 PM,5
Dental Solutions,Ghatkopar East,"MON-SAT09:00 AM-02:00 PM, 04:00 PM-09:00 PM",5
Divine Smiles Dental Care,Bandra West,MON-SAT10:00 AM-08:30 PM,5
Dr Muffi's Digestive Health Institute,Worli,MON-SUN09:00 AM-09:00 PM,4.5
AUM ENT Clinic,Andheri West,MON-FRI05:30 PM-09:00 PMSAT03:00 PM-06:00 PMshow more,5
S L Raheja Fortis Hospital,Mahim,MON-SUN08:00 AM-10:00 PM,4
Jupiter Hospital Speciality Clinic,Mulund West,MON-SAT09:00 AM-09:00 PM,4.5
HEAL Institute,Khar West,MON-SAT08:00 AM-09:00 PMSUN08:00 AM-04:00 PMshow more,5
Apollo Spectra Hospitals,Tardeo,MON-SAT08:00 AM-10:00 PM,4
Dr Kiran Katkar's Dermis Skin Wellness Clinic Lase,Dadar West,"MON-SAT11:00 AM-03:00 PM, 05:00 PM-09:00 PM",4.5
The Childrens Hospital Mumbai,Malad West,MON-SUN12:00 AM-11:59 PM,4
Krishna Eye Centre,Sion East,MON-SUN10:00 AM-07:00 PM,null
I Sight Eyecare And Surgery,Khar West,MON-SAT09:00 AM-09:30 PM,5
Dr. Ajay Thaker's Smiles Royale Dental Clinic,Mulund West,"MON-SAT10:00 AM-03:00 PM, 05:00 PM-09:15 PMSUN12:00 AM-09:15 PMshow more",5
Smile n Shine Advanced Dental Clinic,Kandivali West,"MON-FRI09:00 AM-02:00 PM, 05:00 PM-09:30 PMSAT09:00 AM-09:00 PMSUN09:00 AM-07:00 PMshow more",5
Pushpaa Hospital,Andheri West,MON-SUN12:00 AM-11:59 PM,5
Saraogi Hospital & IRIS IVF Centre,Malad West,MON-SUN10:00 AM-08:00 PM,4.5
Parakh Hospital,Ghatkopar,MON-SUN12:00 AM-11:59 PM,4.5
Dr.Sheth's Skin & Hair Clinic,Marine Lines,MON-SAT09:30 AM-06:00 PMSUN12:00 AM-06:00 PMshow more,5
La'mer Clinic,Dadar,MON-SAT10:30 AM-08:30 PM,4.5
Shrishti Fertility Care Centre and Women Clinic,Goregaon East,MON-SAT09:00 AM-10:00 PM,4.5
Vivanta Hospital,Malad West,MON-SAT12:00 AM-11:59 PM,4.5
Dr. Jonwal's Niramay Ayush Panchkarm Health Institute & Research Hospital,Kandivali West,MON-SAT08:30 AM-07:45 PMSUN09:00 AM-12:30 PMshow more,4
"Parakh Hospital - Gynecology, Obstetrics & IVF",Ghatkopar East,MON-SAT09:00 AM-08:00 PM,4.5
Surana Sethia Hospital and Research Center,Chembur,MON-SUN12:00 AM-11:59 PM,4.5
Apollo Spectra Hospitals,Chembur,MON-SAT07:00 AM-10:00 PM,4.5
Gala Skin & Hair Clinic,Matunga,"MON, WED12:00 PM-02:30 PM, 05:00 PM-09:00 PMTUE, THU, SAT12:00 PM-03:00 PM, 06:30 PM-09:00 PMFRI05:00 PM-09:00 PMshow more",5
Dr. Kinis  Nursing Home and Endocrine Centre,Mulund West,"MON, WED, FRI11:30 AM-01:30 PM, 06:30 PM-07:30 PMTUE, THU, SAT11:30 AM-01:30 PM, 05:00 PM-07:30 PMshow more",4.5
Smile Again,Dadar East,MON-SAT09:00 AM-09:00 PMSUN10:00 AM-02:00 PMshow more,5
Dr's Mind Centre,Kandivali West,MON-SAT10:00 AM-08:00 PM,4.5
SRV Hospital,Goregaon West,MON-SAT12:00 AM-11:59 PM,5
Pushpaa Hospital,Andheri West,MON-SUN12:00 AM-11:59 PM,5
Dr L H Hiranandani Hospital,Powai,MON-SUN12:00 AM-11:55 PM,3.5
Medident - The Multispeciality Dental Clinic,Bandra West,MON-SAT09:00 AM-09:15 PM,5
Parakh Hospital,Ghatkopar,MON-SUN12:00 AM-11:59 PM,4.5
Dr. Raja Urology & Andrology Centre,Bandra West,"MON-WED03:00 PM-08:00 PMTHU, SAT12:00 PM-07:30 PMFRI11:30 AM-07:30 PMSUN12:00 AM-04:00 PMshow more",4
CosmoDent Hi-Tech Dental Hospital,Powai,"MON, THU, SAT10:00 AM-03:00 PM, 04:00 PM-10:00 PMTUE-WED, FRI10:00 AM-03:00 PM, 04:00 PM-09:00 PMSUN10:00 AM-02:00 PMshow more",5
Bright 32 Dental Care & Orthodontic Centre,Kandivali East,"MON-SAT10:00 AM-01:30 PM, 05:30 PM-09:30 PM",5
Navkar Dental Care And Implant Centre & Navkar Physiotherapy Centre,Andheri West,"MON-SAT09:00 AM-02:00 PM, 04:30 PM-09:00 PMSUN10:00 AM-12:30 PMshow more",5
Apollo Spectra Hospitals,Tardeo,MON-SAT08:00 AM-10:00 PM,4
Dr Muffi's Digestive Health Institute,Worli,MON-SUN09:00 AM-09:00 PM,4.5
Care & Cure Maternity And Nursing Home,Powai,"MON-SAT10:00 AM-02:00 PM, 05:00 PM-09:00 PM",4.5
Apollo Spectra Hospitals,Chembur,MON-SAT07:00 AM-10:00 PM,4.5
Dr L H Hiranandani Hospital,Powai,MON-SUN12:00 AM-11:55 PM,3.5
Purnam Health Centre,Malad West,MON-SAT10:00 AM-10:00 PM,4
Positive Vibrations,Andheri West,MON-SUN11:00 AM-07:00 PM,4
The Childrens Hospital Mumbai,Malad West,MON-SUN12:00 AM-11:59 PM,4
Smile Again,Dadar East,MON-SAT09:00 AM-09:00 PMSUN10:00 AM-02:00 PMshow more,5
Womens Hospital,Khar West,MON-SUN12:00 AM-11:59 PM,5
Apollo Spectra Hospitals,Chembur,MON-SAT07:00 AM-10:00 PM,4.5
Dr L H Hiranandani Hospital,Powai,MON-SUN12:00 AM-11:55 PM,3.5
Dr. Nishant's Dental Surgeons Planet,Powai,MON-SAT08:00 AM-11:00 PMSUN09:00 AM-11:00 PMshow more,5
Smile Again,Dadar East,MON-SAT09:00 AM-09:00 PMSUN10:00 AM-02:00 PMshow more,5
Asthma Allergy Clinic - Siddhi Polyclinic,Andheri West,"MON-SAT11:00 AM-02:00 PM, 06:00 PM-09:00 PMSUN12:00 AM-04:00 PMshow more",5
Wockhardt Hospitals,Mira Road,MON-SUN12:00 AM-11:59 PM,4
Dent Heal,Bandra West,MON-SAT10:00 AM-09:00 PMSUN02:00 PM-05:00 PMshow more,5
Parakh Hospital,Ghatkopar,MON-SUN12:00 AM-11:59 PM,4.5
Fortis Hospital,Mulund West,MON-SUN08:00 AM-10:00 PM,4
The Childrens Hospital Mumbai,Malad West,MON-SUN12:00 AM-11:59 PM,4
Global Hospitals,Parel,MON-SAT07:00 AM-09:00 PM,4
Smile Invent Dental Clinic,Bandra East,"MON, THU09:00 AM-09:00 PMTUE-WED, FRI09:00 AM-07:30 PMSAT09:00 AM-06:00 PMshow more",5
RheumDerma Clinic,Prabhadevi,"MON-WED, FRI-SAT02:00 PM-08:00 PMTHU04:00 AM-08:00 PMshow more",5
Patwardhan Homoeopathy Clinic,Dadar West,"MON-SAT10:00 AM-01:00 PM, 05:00 PM-08:30 PM",5
Tender Skin International,Malad West,MON-SAT11:00 AM-08:00 PM,4.5
Smile Invent Dental Clinic,Bandra East,"MON, THU09:00 AM-09:00 PMTUE-WED, FRI09:00 AM-07:30 PMSAT09:00 AM-06:00 PMshow more",5
CosmoDent Hi-Tech Dental Hospital,Powai,"MON, THU, SAT10:00 AM-03:00 PM, 04:00 PM-10:00 PMTUE-WED, FRI10:00 AM-03:00 PM, 04:00 PM-09:00 PMSUN10:00 AM-02:00 PMshow more",5
Unlimited Potentialities,Borivali West,MON-SAT10:00 AM-08:00 PM,4.5
Kaya Kalp International Sex & Health Clinics,Borivali West,TUE02:00 PM-07:00 PM,5
Divine Smiles Dental Care,Bandra West,MON-SAT10:00 AM-08:30 PM,5
Aditi Hospital,Mulund West,MON-SUN12:00 AM-11:59 PM,4.5
Vivanta Hospital,Malad West,MON-SAT12:00 AM-11:59 PM,4.5
Dazzle Dental Clinic,Bandra West,"MON, WED, SAT09:00 AM-06:00 PMTUE, THU-FRI09:00 AM-09:00 PMshow more",5
Finesse,Goregaon East,"MON-WED, FRI-SUN11:00 AM-08:00 PM",5
Ambrosia Aesthetics,Andheri West,"MON-SAT10:30 AM-01:00 PM, 03:00 PM-07:00 PM",4.5
Dr. Nishant's Dental Surgeons Planet,Powai,MON-SAT08:00 AM-11:00 PMSUN09:00 AM-11:00 PMshow more,5
Skinfiniti Cosmetic and Laser Clinic,Khar West,MON-SAT10:00 AM-08:00 PM,5
Womens Hospital,Khar West,MON-SUN12:00 AM-11:59 PM,5
Dr. Nair's Dental and Orthodontic Care,Andheri West,MON-SAT10:00 AM-09:00 PM,5
Dr. Nanda R Kumar's Gynecology Clinic.,Chembur East,MON-SAT04:00 PM-09:15 PMSUN11:30 AM-02:00 PMshow more,4
Parth Surgical Centre,Andheri West,MON-FRI10:30 AM-06:30 PMSAT10:00 AM-03:00 PMshow more,5
Evolve - The Mind Center,Worli,MON-SAT09:30 AM-09:00 PM,4
Smile Essentials,Bandra West,MON-SUN09:00 AM-08:00 PM,5
Apollo Spectra Hospitals,Tardeo,MON-SAT08:00 AM-10:00 PM,4
Dazzle Dental Clinic,Bandra West,"MON, WED, SAT09:00 AM-06:00 PMTUE, THU-FRI09:00 AM-09:00 PMshow more",5
My Skin My Health,Andheri East,"MON-SAT11:00 AM-03:00 PM, 05:00 PM-08:30 PMSUN11:00 AM-01:00 PMshow more",4
Wockhardt Hospitals,Mira Road,MON-SUN12:00 AM-11:59 PM,4
Forever Yooung Skin Hair Body Aesthetics Clinic,Bandra West,MON-SUN10:00 AM-08:00 PM,4.5
BK Kidney and GI Centre,Goregaon West,MON-SAT09:30 AM-10:30 PM,4
Believe - Health And Skin Clinic,Girgaon,"MON10:15 AM-06:00 PMTUE, THU, SAT10:00 AM-02:00 PMWED10:15 AM-07:00 PMFRI04:00 PM-07:00 PMshow more",5
Arohi Eye Hospital,Andheri West,MON-SUN09:00 AM-08:00 PM,5
Bombay Knee & Hip Clinic,Matunga,MON-SUN12:00 AM-11:59 PM,5
Sushrut Hospital and Research Center,Chembur East,MON-SAT08:00 AM-08:00 PM,4
Smile Studio Dental Clinic,Worli,MON-SAT09:30 AM-08:30 PM,5
Hope Clinic,Tardeo,MON-FRI10:00 AM-08:30 PMSAT10:00 AM-07:00 PMSUN11:59 AM-07:30 PMshow more,5
Goradia Ayurvedic Clinic.,Grant Road,"MON-SAT09:30 AM-01:00 PM, 03:30 PM-07:30 PM",5
Apollo Spectra Hospitals,Chembur,MON-SAT07:00 AM-10:00 PM,4.5
Smile n Shine Advanced Dental Clinic,Kandivali West,"MON-FRI09:00 AM-02:00 PM, 05:00 PM-09:30 PMSAT09:00 AM-09:00 PMSUN09:00 AM-07:00 PMshow more",5
Roots Dental Clinic,Chembur,"MON-FRI10:00 AM-02:00 PM, 04:00 PM-08:00 PMSAT10:00 AM-02:00 PMshow more",5
Wockhardt Hospitals,Mira Road,MON-SUN12:00 AM-11:59 PM,4
Smile Centre Dental Clinic,Bhandup West,"MON-TUE, THU-SAT09:00 AM-01:00 PM, 05:30 PM-09:30 PMWED09:00 AM-01:00 PM, 05:00 PM-09:30 PMSUN12:00 AM-12:00 PMshow more",5
Aditi Hospital,Mulund West,MON-SUN12:00 AM-11:59 PM,4.5
Tandon Eye Hospital,Andheri West,"MON-THU, SAT11:00 AM-01:30 PM, 05:00 PM-08:30 PMFRI05:00 PM-08:30 PMshow more",5
Dent Heal,Bandra West,MON-SAT10:00 AM-09:00 PMSUN02:00 PM-05:00 PMshow more,5
Global Hospitals,Parel,MON-SAT07:00 AM-09:00 PM,4
Anil Cancer Center,Mulund,"MON, WED-THU, SAT05:30 PM-08:00 PM",null
Eye Solutions - The complete eye hospital,Tardeo,MON-FRI10:00 AM-06:00 PMSAT09:00 AM-04:00 PMshow more,5
Ruby Hospital - Venture Of Arogyam Hospital,Bhandup West,"MON-SAT01:00 PM-03:00 PM, 05:00 PM-08:00 PM",4.5
Winning Smiles Dental Clinic,Kandivali East,MON-SAT09:40 AM-10:00 PM,5
Apollo Spectra Hospitals,Tardeo,MON-SAT08:00 AM-10:00 PM,4
Harleys Cosmetic & Women Clinic,Andheri West,MON-SAT10:00 AM-09:00 PM,5
Fortis Hospital,Mulund West,MON-SUN08:00 AM-10:00 PM,4
Fortis Hospital,Mulund West,MON-SUN08:00 AM-10:00 PM,4
Skinfiniti Cosmetic and Laser Clinic,Khar West,MON-SAT10:00 AM-08:00 PM,5
Aharayogam,Mulund West,MON-SAT08:00 AM-09:00 PMSUN08:00 AM-05:00 PMshow more,5
Parakh Hospital,Ghatkopar,MON-SUN12:00 AM-11:59 PM,4.5
CosmoDent Hi-Tech Dental Hospital,Powai,"MON, THU, SAT10:00 AM-03:00 PM, 04:00 PM-10:00 PMTUE-WED, FRI10:00 AM-03:00 PM, 04:00 PM-09:00 PMSUN10:00 AM-02:00 PMshow more",5
Mohan ENT Care,Borivali West,"MON-SAT09:30 AM-01:30 PM, 05:30 PM-09:30 PM",5
Jupiter Hospital Speciality Clinic,Mulund West,MON-SAT09:00 AM-09:00 PM,4.5
HEAL Institute,Colaba,MON-SAT08:00 AM-08:00 PMSUN10:00 AM-06:00 PMshow more,5
The Childrens Hospital Mumbai,Malad West,MON-SUN12:00 AM-11:59 PM,4
Krishna Eye Centre,Sion East,MON-SUN10:00 AM-07:00 PM,null
"Parakh Hospital - Gynecology, Obstetrics & IVF",Ghatkopar East,MON-SAT09:00 AM-08:00 PM,4.5
S L Raheja Fortis Hospital,Mahim,MON-SUN08:00 AM-10:00 PM,4
Jupiter Hospital Speciality Clinic,Mulund West,MON-SAT09:00 AM-09:00 PM,4.5
Ace Heart Clinic,Borivali West,MON-SAT09:00 AM-08:00 PM,5
Sushrut Hospital and Research Center,Chembur East,MON-SAT08:00 AM-08:00 PM,4
Kent Homeopathy Clinic,Powai,"MON-WED, FRI-SAT11:00 AM-01:30 PM, 06:30 PM-09:00 PMTHU06:30 PM-09:00 PMshow more",5
Dr Muffi's Digestive Health Institute,Worli,MON-SUN09:00 AM-09:00 PM,4.5
HEAL Institute,Khar West,MON-SAT08:00 AM-09:00 PMSUN08:00 AM-04:00 PMshow more,5
Dr Siddharth's Plastic Surgery Clinic,Andheri West,TUE-THU04:00 PM-06:00 PM,5
Global Hospitals,Parel,MON-SAT07:00 AM-09:00 PM,4
Clinico Diagnostic India Pvt Ltd,Mulund West,"MON-SUN10:00 AM-01:30 PM, 04:00 PM-05:00 PM",5
Dr's Mind Centre,Kandivali West,MON-SAT10:00 AM-08:00 PM,4.5
Apollo Spectra Hospitals,Chembur,MON-SAT07:00 AM-10:00 PM,4.5
Dr. Inamdar's Dental Studio,Kurla West,MON-SAT10:00 AM-10:00 PM,4.5
Dr. Jonwal's Niramay Ayush Panchkarm Health Institute & Research Hospital,Kandivali West,MON-SAT08:30 AM-07:45 PMSUN09:00 AM-12:30 PMshow more,4
Exercise Clinic,Andheri West,"MON-SAT10:00 AM-01:00 PM, 06:30 PM-09:00 PM",5
The Childrens Hospital Mumbai,Malad West,MON-SUN12:00 AM-11:59 PM,4
Bafna Polyclinic,Cumballa Hill,MON-SAT10:00 AM-08:00 PM,4.5
Surana Sethia Hospital and Research Center,Chembur,MON-SUN12:00 AM-11:59 PM,4.5
Apollo Spectra Hospitals,Chembur,MON-SAT07:00 AM-10:00 PM,4.5
Mehta Eye Clinic,Ghatkopar East,MON-FRI09:00 AM-07:00 PMSAT09:00 AM-02:00 PMshow more,5
Sahastram Ayurveda Panchkarma Center,Dadar East,MON-SUN11:45 AM-08:30 PM,4.5
Lifeforce Homeopathy Clinic,Chembur,MON-SAT10:00 AM-07:00 PMSUN09:00 AM-06:00 PMshow more,4.5
Eye Solutions - The complete eye hospital,Tardeo,MON-FRI10:00 AM-06:00 PMSAT09:00 AM-04:00 PMshow more,5
RD Smita Nanda Nutrition Consultant,Kandivali East,"MON-SUN10:30 AM-01:00 PM, 03:00 PM-08:00 PM",5
Dr L H Hiranandani Hospital,Powai,MON-SUN12:00 AM-11:55 PM,3.5
Dr. Sana Bhamla Khan - KYSHHA Skin and Hair Clinic,Mumbai Central,"MON, WED, FRI12:00 PM-08:00 PMTHU05:00 PM-08:00 PMshow more",5
Fortis Hospital,Mulund West,MON-SUN08:00 AM-10:00 PM,4
Lifeforce Homeopathy Clinic,Chembur,MON-SAT10:00 AM-07:00 PMSUN09:00 AM-06:00 PMshow more,4.5
Jupiter Hospital Speciality Clinic,Mulund West,MON-SAT09:00 AM-09:00 PM,4.5
Dr. Sanjay Bakhshi's Physioline Pain & Paralysis Centre,Andheri West,"MON-SAT07:00 AM-12:00 PM, 12:30 PM-10:00 PM",5
Smile n Shine Advanced Dental Clinic,Kandivali West,"MON-FRI09:00 AM-02:00 PM, 05:00 PM-09:30 PMSAT09:00 AM-09:00 PMSUN09:00 AM-07:00 PMshow more",5
Clear Vision Eye Clinic,Wadala,"MON-SUN09:30 AM-12:30 PM, 05:00 PM-09:00 PM",5
Surana Sethia Hospital and Research Center,Chembur,MON-SUN12:00 AM-11:59 PM,4.5
Divine Smiles Dental Care,Bandra West,MON-SAT10:00 AM-08:30 PM,5
Mothers Care Clinic,Andheri West,MON-FRI08:30 AM-08:00 PMSAT08:30 AM-02:00 PMshow more,5
Krishna Eye Centre,Parel,"MON-TUE, THU-FRI10:00 AM-07:00 PMWED, SAT09:00 AM-07:00 PMSUN12:00 AM-03:00 PMshow more",5
Surana Sethia Hospital and Research Center,Chembur,MON-SUN12:00 AM-11:59 PM,4.5
"Dr. Sonal Sanghavi's
 Homoeopathic Clinic",Borivali West,MON-FRI10:00 AM-08:00 PMSAT10:00 AM-09:00 PMshow more,5
Roots Dental Clinic,Chembur,"MON-FRI10:00 AM-02:00 PM, 04:00 PM-08:00 PMSAT10:00 AM-02:00 PMshow more",5
Orthopaedic Ophthalmic Physiotherapy Clinic,Bandra West,MON-SAT09:00 AM-09:00 PM,5
Dr. Vora's Dental Care,Mulund West,MON-SUN08:00 AM-09:30 PM,5
Jupiter Hospital Speciality Clinic,Mulund West,MON-SAT09:00 AM-09:00 PM,4.5
Womens Hospital,Khar West,MON-SUN12:00 AM-11:59 PM,5
The Dental Studio,Goregaon East,MON-SAT09:00 AM-09:00 PM,5
Oyster Hospital,Goregaon West,MON-SUN12:00 AM-11:59 PM,null
SRV Hospital,Goregaon West,MON-SAT12:00 AM-11:59 PM,5
Navkar Dental Care And Implant Centre & Navkar Physiotherapy Centre,Andheri West,"MON-SAT09:00 AM-02:00 PM, 04:30 PM-09:00 PMSUN10:00 AM-12:30 PMshow more",5
Aditi Hospital,Mulund West,MON-SUN12:00 AM-11:59 PM,4.5
HPE India - Advance Physiotherapy Studio,Bandra West,MON-SUN09:00 AM-10:00 PM,5
Smilez Unlimited Dental Clinic,Juhu,MON-SAT09:00 AM-09:00 PM,5
Mothers Care Clinic,Andheri West,MON-FRI08:30 AM-08:00 PMSAT08:30 AM-02:00 PMshow more,5
Dr L H Hiranandani Hospital,Powai,MON-SUN12:00 AM-11:55 PM,3.5
Wisdom Tooth Clinic,Andheri West,MON-FRI10:00 AM-08:00 PMSAT10:00 AM-05:00 PMshow more,5
Apollo Spectra Hospitals,Chembur,MON-SAT07:00 AM-10:00 PM,4.5
Smile Invent Dental Clinic,Bandra East,"MON, THU09:00 AM-09:00 PMTUE-WED, FRI09:00 AM-07:30 PMSAT09:00 AM-06:00 PMshow more",5
Dr. Nair's Dental and Orthodontic Care,Andheri West,MON-SAT10:00 AM-09:00 PM,5
Aashraya Developmental Aid Centre,Bandra West,MON-SAT10:00 AM-11:00 PM,null
Dr. Mithiya's Clinic,Ghatkopar West,"MON-FRI11:00 AM-02:00 PM, 06:30 PM-09:30 PMSAT10:30 AM-02:00 PM, 06:30 PM-09:30 PMshow more",5
Vivanta Hospital,Malad West,MON-SAT12:00 AM-11:59 PM,4.5
Surana Sethia Hospital and Research Center,Chembur,MON-SUN12:00 AM-11:59 PM,4.5
Smile Studio Dental Clinic,Matunga,MON-SAT09:30 AM-08:30 PM,5
Dr. Adhye's Homeopathic Clinic,Chembur,"MON-FRI10:00 AM-01:00 PM, 06:00 PM-09:00 PMSAT10:00 AM-02:00 PMshow more",5
Reflectionz Clinic,Kandivali East,"MON, WED, FRI11:00 AM-10:00 PMTUE, THU, SAT-SUN10:00 AM-10:00 PMshow more",5
Unique Smile Concepts,Tilak Nagar,"MON-SAT09:30 AM-02:30 PM, 05:30 PM-10:00 PMSUN10:00 AM-02:00 PMshow more",5
Sushrut Hospital and Research Center,Chembur East,MON-SAT08:00 AM-08:00 PM,4
Dr. Ila Tyagi's Gynecology and Fertility Clinic,Chembur East,"MON-SAT10:30 AM-12:00 PM, 05:00 PM-08:00 PM",3.5
Apollo Spectra Hospitals,Tardeo,MON-SAT08:00 AM-10:00 PM,4
Arohi Eye Hospital,Andheri West,MON-SUN09:00 AM-08:00 PM,5
Aaditya Care,Mulund East,MON-SAT08:00 AM-10:00 PM,5
Dr Sheth's Skin And Hair Clinic,Juhu,MON-SAT09:30 AM-06:00 PM,5
S L Raheja Fortis Hospital,Mahim,MON-SUN08:00 AM-10:00 PM,4
Global Hospitals,Parel,MON-SAT07:00 AM-09:00 PM,4
Prism Eye and Maternity Clinic,Andheri West,MON-SAT10:00 AM-09:00 PM,5
Ageless Medica Health Management Pvt. Ltd.,Powai,MON-SAT10:00 AM-07:00 PM,4.5
Bombay Knee & Hip Clinic,Matunga,MON-SUN12:00 AM-11:59 PM,5
Fortis Hospital,Mulund West,MON-SUN08:00 AM-10:00 PM,4
Urology & Gynaecology Clinic,Borivali West,MON-FRI07:30 AM-09:00 PMSAT07:30 AM-08:00 PMshow more,4
Fortis Hospital,Mulund West,MON-SUN08:00 AM-10:00 PM,4
Sahu Eye Hospital,Malad West,MON-SAT09:30 AM-09:30 PM,5
SRV Hospital,Goregaon West,MON-SAT12:00 AM-11:59 PM,5
Desai Orthopedics and ENT Clinic,Borivali West,MON-SAT05:00 PM-09:30 PM,5
Akanksha Maternity & Surgical Hospital,Andheri West,"MON-FRI09:00 AM-01:00 PM, 05:00 PM-10:00 PMSAT-SUN09:00 AM-01:00 PM, 05:00 PM-09:00 PMshow more",5
PhysioWorld,Chembur,MON-SUN09:00 AM-10:00 PM,5
Stride Fitness and Mobility Clinic,Vileparle East,MON-FRI10:00 AM-07:00 PMSAT10:30 AM-07:00 PMshow more,5
Mehta Eye Clinic,Ghatkopar East,MON-FRI09:00 AM-07:00 PMSAT09:00 AM-02:00 PMshow more,5
Perfect smile clinic,Dadar West,"MON-FRI09:30 AM-02:00 PM, 05:00 PM-08:30 PMSAT09:30 AM-02:00 PMshow more",5
Jupiter Hospital Speciality Clinic,Mulund West,MON-SAT09:00 AM-09:00 PM,4.5
Shinde's Medicare Hospital,Andheri West,MON-SUN07:00 PM-10:00 PM,4.5
Akanksha Maternity & Surgical Hospital,Andheri West,"MON-FRI09:00 AM-01:00 PM, 05:00 PM-10:00 PMSAT-SUN09:00 AM-01:00 PM, 05:00 PM-09:00 PMshow more",5
Eye Solutions - The complete eye hospital,Tardeo,MON-FRI10:00 AM-06:00 PMSAT09:00 AM-04:00 PMshow more,5
Urology & Gynaecology Clinic,Borivali West,MON-FRI07:30 AM-09:00 PMSAT07:30 AM-08:00 PMshow more,4
Global Hospitals,Parel,MON-SAT07:00 AM-09:00 PM,4
Fortis Hospital,Mulund West,MON-SUN08:00 AM-10:00 PM,4
Mumbai Eye Care Cornea and Lasik Centre,Ghatkopar East,MON-SAT09:00 AM-09:00 PM,5
Healthwatch Nutrition Clinic,Andheri West,MON-SAT09:00 AM-05:00 PM,4.5
Ayushakti Ayurved  Health Centre,Vileparle,MON-SUN09:00 AM-09:00 PM,null
Global Hospitals,Parel,MON-SAT07:00 AM-09:00 PM,4
Surana Sethia Hospital and Research Center,Chembur,MON-SUN12:00 AM-11:59 PM,4.5
Prism Eye and Maternity Clinic,Andheri West,MON-SAT10:00 AM-09:00 PM,5
Dr Pathan'S Diabetes Specialties Clinic,Byculla,"MON-FRI11:00 AM-02:00 PM, 05:00 PM-10:00 PMSAT11:00 AM-02:00 PMshow more",5
Sushrut Hospital and Research Center,Chembur East,MON-SAT08:00 AM-08:00 PM,4
Dr.Priti's Dermat Clinic,Ghatkopar West,"MON-WED, FRI-SAT11:00 AM-02:00 PM, 06:00 PM-09:00 PMTHU11:00 AM-02:00 PMshow more",4
Tulip Gynecare Clinic,Andheri West,MON-FRI05:00 PM-08:00 PMSAT10:00 AM-03:00 PMshow more,5
Sushrut Hospital and Research Center,Chembur East,MON-SAT08:00 AM-08:00 PM,4
Goradia Ayurvedic Clinic.,Grant Road,"MON-SAT09:30 AM-01:00 PM, 03:30 PM-07:30 PM",5
Fortis Hospital,Mulund West,MON-SUN08:00 AM-10:00 PM,4
Parakh Hospital,Ghatkopar,MON-SUN12:00 AM-11:59 PM,4.5
Pooja Maternity Nursing Home & Ent Center,Ghatkopar West,MON-SAT09:00 AM-09:00 PM,5
Krishna Eye Centre,Parel,"MON-TUE, THU-FRI10:00 AM-07:00 PMWED, SAT09:00 AM-07:00 PMSUN12:00 AM-03:00 PMshow more",5
Punit Hospital,Borivali West,"MON-SAT09:00 AM-01:00 PM, 05:00 PM-09:00 PM",5
Aditi Hospital,Mulund West,MON-SUN12:00 AM-11:59 PM,4.5
The Vission Eye Center,Juhu,MON-SAT09:00 AM-09:00 PM,4.5
Harleys Cosmetic & Women Clinic,Andheri West,MON-SAT10:00 AM-09:00 PM,5
Dr's Mind Centre,Kandivali West,MON-SAT10:00 AM-08:00 PM,4.5
Global Hospitals,Parel,MON-SAT07:00 AM-09:00 PM,4
HEAL Institute,Colaba,MON-SAT08:00 AM-08:00 PMSUN10:00 AM-06:00 PMshow more,5
Exercise Clinic,Andheri West,"MON-SAT10:00 AM-01:00 PM, 06:30 PM-09:00 PM",5
The Childrens Hospital Mumbai,Malad West,MON-SUN12:00 AM-11:59 PM,4
Shreeji Eye Clinic,Andheri East,MON-FRI09:00 AM-08:30 PMSAT09:00 AM-07:15 PMshow more,5
La'mer Clinic,Dadar,MON-SAT10:30 AM-08:30 PM,4.5
32 Pearls Dental Clinic,Chembur East,MON-SUN09:00 AM-09:30 PM,4.5
Ayushakti Ayurved  Health Centre,Vileparle,MON-SUN09:00 AM-09:00 PM,null
Dr.Sheth's Skin & Hair Clinic,Marine Lines,MON-SAT09:30 AM-06:00 PMSUN12:00 AM-06:00 PMshow more,5
S L Raheja Fortis Hospital,Mahim,MON-SUN08:00 AM-10:00 PM,4
Suchi Roy Clinic,Chembur,"MON-SAT10:00 AM-01:00 PM, 06:30 PM-09:00 PM",5
Dr. Deep Parekh's 'Mom & Me' Clinic,Ghatkopar East,"MON-SAT10:00 AM-02:30 PM, 05:00 PM-09:00 PM",5
SRV Hospital,Goregaon West,MON-SAT12:00 AM-11:59 PM,5
Magident Family Dental Care,Sakinaka,"MON-SAT10:00 AM-02:00 PM, 03:30 PM-09:00 PM",5
Apollo Spectra Hospitals,Tardeo,MON-SAT08:00 AM-10:00 PM,4
Shenmen Healing Center,Santacruz West,MON-SUN08:00 AM-09:00 PM,5
Asian Heart Institute And Research Centre,Bandra East,MON-SUN12:00 AM-11:30 PM,4
Dr L H Hiranandani Hospital,Powai,MON-SUN12:00 AM-11:55 PM,3.5
Reflectionz Clinic,Kandivali East,"MON, WED, FRI11:00 AM-10:00 PMTUE, THU, SAT-SUN10:00 AM-10:00 PMshow more",5
Sushrut Hospital and Research Center,Chembur East,MON-SAT08:00 AM-08:00 PM,4
Asian Heart Institute And Research Centre,Bandra East,MON-SUN12:00 AM-11:30 PM,4
Anjum's Diet & Wellness,Andheri West,MON-SAT10:00 AM-09:00 PM,5
Dr L H Hiranandani Hospital,Powai,MON-SUN12:00 AM-11:55 PM,3.5
Wockhardt Hospitals,Mira Road,MON-SUN12:00 AM-11:59 PM,4
Parakh Hospital,Ghatkopar,MON-SUN12:00 AM-11:59 PM,4.5
Harleys Cosmetic & Women Clinic,Andheri West,MON-SAT10:00 AM-09:00 PM,5
Dr. Yuvaraja S Shetty Child Health Center and Polyclinic,Mulund West,MON-SAT09:00 AM-11:00 PMSUN09:00 AM-07:00 PMshow more,5
"Parakh Hospital - Gynecology, Obstetrics & IVF",Ghatkopar East,MON-SAT09:00 AM-08:00 PM,4.5
HEAL Institute,Khar West,MON-SAT08:00 AM-09:00 PMSUN08:00 AM-04:00 PMshow more,5
Sai Netra Advanced Eye Care,Andheri East,MON-FRI11:00 AM-06:00 PMSAT11:00 AM-01:00 PMshow more,5
Pooja Maternity Nursing Home & Ent Center,Ghatkopar West,MON-SAT09:00 AM-09:00 PM,5
Aditi Hospital,Mulund West,MON-SUN12:00 AM-11:59 PM,4.5
Irla Nursing Home & Polyclinic,Vileparle West,MON-SUN12:00 AM-11:59 PM,5
Dr Ajay Doiphode's Prime ENT Clinic,Andheri West,MON-SAT09:00 AM-08:30 PM,5
Womens Hospital,Khar West,MON-SUN12:00 AM-11:59 PM,5
Care 32 Family Dental Care Centre,Andheri East,"MON-SAT12:00 AM-10:00 PMSUN10:00 AM-01:30 PM, 01:45 PM-09:00 PMshow more",5
Total Health Care,Borivali West,MON-SAT09:00 AM-09:00 PMSUN10:00 AM-01:00 PMshow more,4.5
Dental Expertz Clinic,Mumbai Central,"MON, WED-SAT10:30 AM-11:00 PMTUE10:30 AM-11:30 PMSUN12:00 PM-03:00 PM, 05:00 PM-09:00 PMshow more",5
Vivanta Hospital,Malad West,MON-SAT12:00 AM-11:59 PM,4.5
Derma Care,Opera House,MON-FRI11:00 AM-07:00 PMSAT11:00 AM-05:00 PMshow more,4.5
Dr. Ajay Thaker's Smiles Royale Dental Clinic,Mulund West,"MON-SAT10:00 AM-03:00 PM, 05:00 PM-09:15 PMSUN12:00 AM-09:15 PMshow more",5
Viva Cosmetic Clinic,Opera House,MON-SUN10:30 AM-08:00 PM,5
Believe - Health And Skin Clinic,Girgaon,"MON10:15 AM-06:00 PMTUE, THU, SAT10:00 AM-02:00 PMWED10:15 AM-07:00 PMFRI04:00 PM-07:00 PMshow more",5
Dr. Gupte's Clinic,Kandivali East,"MON-WED, FRI-SAT10:00 AM-01:00 PM, 06:00 PM-09:30 PMTHU10:00 AM-01:00 PM, 05:00 PM-09:30 PMshow more",5
Womens Hospital,Khar West,MON-SUN12:00 AM-11:59 PM,5
Vivanta Hospital,Malad West,MON-SAT12:00 AM-11:59 PM,4.5
Hair Science,Andheri,MON-SUN09:30 AM-06:30 PM,2.5
Lifeforce Homeopathy Clinic,Chembur,MON-SAT10:00 AM-07:00 PMSUN09:00 AM-06:00 PMshow more,4.5
Sanjeevani Kidney Care,Andheri East,MON-FRI04:00 PM-07:00 PM,3.5
Divine Smiles Dental Care,Bandra West,MON-SAT10:00 AM-08:30 PM,5
Surana Sethia Hospital and Research Center,Chembur,MON-SUN12:00 AM-11:59 PM,4.5
Goradia Ayurvedic Clinic.,Grant Road,"MON-SAT09:30 AM-01:00 PM, 03:30 PM-07:30 PM",5
Psychiatry and Sex Clinic,Andheri East,MON-SAT09:00 AM-09:00 PM,4
