PolicyName,DiseasesCovered
Health QuBE Basic,AUTOIMMUNE PANCREATITIS
Health QuBE Basic,ANAL FISSURE
Health QuBE Basic,DUODENAL ULCERS
Health QuBE Basic,CATARACTS
Health QuBE Basic,GASTROESOPHAGEAL REFLUX DISEASE (GERD)
Health QuBE Basic,GOUT
Health QuBE Basic,CANCER/TUMORS
Health QuBE Basic,ACUTE SINUSITIS
Health QuBE Basic,ACUTE SINUSITIS
Health QuBE SuperSaver,AUTOIMMUNE PANCREATITIS
Health QuBE SuperSaver,ANAL FISSURE
Health QuBE SuperSaver,DUODENAL ULCERS
Health QuBE SuperSaver,CATARACTS
Health QuBE SuperSaver,GASTROESOPHAGEAL REFLUX DISEASE (GERD)
Health QuBE SuperSaver,GOUT
Health QuBE SuperSaver,CANCER/TUMORS
Health QuBE SuperSaver,ACUTE SINUSITIS
Health QuBE SuperSaver,ACUTE SINUSITIS
Health QuBE Comprehensive,AUTOIMMUNE PANCREATITIS
Health QuBE Comprehensive,ANAL FISSURE
Health QuBE Comprehensive,DUODENAL ULCERS
Health QuBE Comprehensive,CATARACTS
Health QuBE Comprehensive,GASTROESOPHAGEAL REFLUX DISEASE (GERD)
Health QuBE Comprehensive,GOUT
Health QuBE Comprehensive,CANCER/TUMORS
Health QuBE Comprehensive,ACUTE SINUSITIS
Health QuBE Comprehensive,ACUTE SINUSITIS
Lifeline Elite,ASTHMA ATTACK
Lifeline Elite,ACUTE KIDNEY FAILURE
Kotak Health Care – Excel (Including Optional Pack 1),CATARACTS
Kotak Health Care – Excel (Including Optional Pack 1),BENIGN PROSTATIC HYPERPLASIA (ENLARGED PROSTATE)
Kotak Health Care – Excel (Including Optional Pack 1),ANAL FISSURES
Kotak Health Care – Excel (Including Optional Pack 1),GOUT
Kotak Health Care – Excel (Including Optional Pack 1),ACUTE SINUSITIS
Kotak Health Care – Excel (Including Optional Pack 1),ENDOMETRIOSIS
Kotak Health Care – Excel (Including Optional Pack 1),DUODENAL ULCERS
Kotak Health Care – Excel (Including Optional Pack 1),SEPTIC ARTHRITIS
Kotak Health Care – Premium (Including Optional Pack 1),CATARACTS
Kotak Health Care – Premium (Including Optional Pack 1),BENIGN PROSTATIC HYPERPLASIA (ENLARGED PROSTATE)
Kotak Health Care – Premium (Including Optional Pack 1),ANAL FISSURES
Kotak Health Care – Premium (Including Optional Pack 1),GOUT
Kotak Health Care – Premium (Including Optional Pack 1),ACUTE SINUSITIS
Kotak Health Care – Premium (Including Optional Pack 1),ENDOMETRIOSIS
Kotak Health Care – Premium (Including Optional Pack 1),DUODENAL ULCERS
Kotak Health Care – Premium (Including Optional Pack 1),SEPTIC ARTHRITIS
Individual Mediclaim Policy,ASTHMA
Individual Mediclaim Policy,BRONCHITIS
Individual Mediclaim Policy,ARTHRITIS AND ARTHRITIC PAIN
Individual Mediclaim Policy,DIABETES MELLITUS TYPES I AND II
Individual Mediclaim Policy,GOUT
Edelweiss Health Insurance- Silver (Health 241 Add-on),OSTEOARTHRITIS
Edelweiss Health Insurance- Silver (Health 241 Add-on),GOUT
Edelweiss Health Insurance- Silver (Health 241 Add-on),ACUTE SINUSITIS
Edelweiss Health Insurance- Silver (Health 241 Add-on),CATARACTS
Edelweiss Health Insurance- Silver (Health 241 Add-on),DUODENAL ULCERS
Edelweiss Health Insurance- Silver (Health 241 Add-on),DIABETIC RETINOPATHY
Edelweiss Health Insurance- Silver (Health 241 Add-on),CORONARY ARTERY DISEASE
Edelweiss Health Insurance- Silver (Health 241 Add-on),VIRAL HEMORRHAGIC FEVERS
Edelweiss Health Insurance- Gold (Health 241 Add-on),OSTEOARTHRITIS
Edelweiss Health Insurance- Gold (Health 241 Add-on),GOUT
Edelweiss Health Insurance- Gold (Health 241 Add-on),ACUTE SINUSITIS
Edelweiss Health Insurance- Gold (Health 241 Add-on),CATARACTS
Edelweiss Health Insurance- Gold (Health 241 Add-on),DUODENAL ULCERS
Edelweiss Health Insurance- Gold (Health 241 Add-on),DIABETIC RETINOPATHY
Edelweiss Health Insurance- Gold (Health 241 Add-on),CORONARY ARTERY DISEASE
Edelweiss Health Insurance- Gold (Health 241 Add-on),VIRAL HEMORRHAGIC FEVERS
Edelweiss Health Insurance- Platinum (Health 241 Add-on),OSTEOARTHRITIS
Edelweiss Health Insurance- Platinum (Health 241 Add-on),GOUT
Edelweiss Health Insurance- Platinum (Health 241 Add-on),ACUTE SINUSITIS
Edelweiss Health Insurance- Platinum (Health 241 Add-on),CATARACTS
Edelweiss Health Insurance- Platinum (Health 241 Add-on),DUODENAL ULCERS
Edelweiss Health Insurance- Platinum (Health 241 Add-on),DIABETIC RETINOPATHY
Edelweiss Health Insurance- Platinum (Health 241 Add-on),CORONARY ARTERY DISEASE
Edelweiss Health Insurance- Platinum (Health 241 Add-on),VIRAL HEMORRHAGIC FEVERS
Edelweiss Health Insurance Silver,OSTEOARTHRITIS
Edelweiss Health Insurance Silver,GOUT
Edelweiss Health Insurance Silver,ACUTE SINUSITIS
Edelweiss Health Insurance Silver,CATARACTS
Edelweiss Health Insurance Silver,DUODENAL ULCERS
Edelweiss Health Insurance Silver,DIABETIC RETINOPATHY
Edelweiss Health Insurance Silver,CORONARY ARTERY DISEASE
Edelweiss Health Insurance Silver,VIRAL HEMORRHAGIC FEVERS
Edelweiss Health Insurance Gold,OSTEOARTHRITIS
Edelweiss Health Insurance Gold,GOUT
Edelweiss Health Insurance Gold,ACUTE SINUSITIS
Edelweiss Health Insurance Gold,CATARACTS
Edelweiss Health Insurance Gold,DUODENAL ULCERS
Edelweiss Health Insurance Gold,DIABETIC RETINOPATHY
Edelweiss Health Insurance Gold,CORONARY ARTERY DISEASE
Edelweiss Health Insurance Gold,VIRAL HEMORRHAGIC FEVERS
Edelweiss Health Insurance Platinum,OSTEOARTHRITIS
Edelweiss Health Insurance Platinum,GOUT
Edelweiss Health Insurance Platinum,ACUTE SINUSITIS
Edelweiss Health Insurance Platinum,CATARACTS
Edelweiss Health Insurance Platinum,DUODENAL ULCERS
Edelweiss Health Insurance Platinum,DIABETIC RETINOPATHY
Edelweiss Health Insurance Platinum,CORONARY ARTERY DISEASE
Edelweiss Health Insurance Platinum,VIRAL HEMORRHAGIC FEVERS
Health Gain,ANAL CANCER
Health Gain,CORONARY ARTERY DISEASE
Health Gain,ASTHMA ATTACK
Health Gain,ACUTE KIDNEY FAILURE
Medicare,CATARACTS
Medicare,BENIGN PROSTATIC HYPERPLASIA (ENLARGED PROSTATE)
Medicare,ANAL FISSURES
Medicare,GOUT
Medicare,ACUTE SINUSITIS
Medicare,ENDOMETRIOSIS
Medicare,DUODENAL ULCERS
Medicare,SEPTIC ARTHRITIS
Medicare protect,CATARACTS
Medicare protect,BENIGN PROSTATIC HYPERPLASIA (ENLARGED PROSTATE)
Medicare protect,ANAL FISSURES
Medicare protect,GOUT
Medicare protect,ACUTE SINUSITIS
Medicare protect,ENDOMETRIOSIS
Medicare protect,DUODENAL ULCERS
Medicare protect,SEPTIC ARTHRITIS
Medicare Premier,CATARACTS
Medicare Premier,BENIGN PROSTATIC HYPERPLASIA (ENLARGED PROSTATE)
Medicare Premier,ANAL FISSURES
Medicare Premier,GOUT
Medicare Premier,ACUTE SINUSITIS
Medicare Premier,ENDOMETRIOSIS
Medicare Premier,DUODENAL ULCERS
Medicare Premier,SEPTIC ARTHRITIS
Option 1 - Maxima Restore Super,ASTHMA
Option 1 - Maxima Restore Super,BRONCHITIS
Option 1 - Maxima Restore Super,ARTHRITIS AND ARTHRITIC PAIN
Option 1 - Maxima Restore Super,DIABETES MELLITUS TYPES I AND II
Option 1 - Maxima Restore Super,GOUT
Option 2 - Early Cover,ASTHMA
Option 2 - Early Cover,BRONCHITIS
Option 2 - Early Cover,ARTHRITIS AND ARTHRITIC PAIN
Option 2 - Early Cover,DIABETES MELLITUS TYPES I AND II
Option 2 - Early Cover,GOUT
Option 3 – Super Care,ASTHMA
Option 3 – Super Care,BRONCHITIS
Option 3 – Super Care,ARTHRITIS AND ARTHRITIC PAIN
Option 3 – Super Care,DIABETES MELLITUS TYPES I AND II
Option 3 – Super Care,GOUT
Health Companion with Recharge (Money Saver),AUTOIMMUNE PANCREATITIS
Health Companion with Recharge (Money Saver),ANAL FISSURE
Health Companion with Recharge (Money Saver),DUODENAL ULCERS
Health Companion with Recharge (Money Saver),CATARACTS
Health Companion with Recharge (Money Saver),GASTROESOPHAGEAL REFLUX DISEASE (GERD)
Health Companion with Recharge (Money Saver),GOUT
Health Companion with Recharge (Money Saver),CANCER/TUMORS
Health Companion with Recharge (Money Saver),ACUTE SINUSITIS
Health Companion with Recharge (Money Saver),ACUTE SINUSITIS
Health Pulse Enhanced,AUTOIMMUNE PANCREATITIS
Health Pulse Enhanced,ANAL FISSURE
Health Pulse Enhanced,DUODENAL ULCERS
Health Pulse Enhanced,CATARACTS
Health Pulse Enhanced,GASTROESOPHAGEAL REFLUX DISEASE (GERD)
Health Pulse Enhanced,GOUT
Health Pulse Enhanced,CANCER/TUMORS
Health Pulse Enhanced,ACUTE SINUSITIS
Health Pulse Enhanced,ACUTE SINUSITIS
Health Companion with Health Recharge (Double Dhamaka),AUTOIMMUNE PANCREATITIS
Health Companion with Health Recharge (Double Dhamaka),ANAL FISSURE
Health Companion with Health Recharge (Double Dhamaka),DUODENAL ULCERS
Health Companion with Health Recharge (Double Dhamaka),CATARACTS
Health Companion with Health Recharge (Double Dhamaka),GASTROESOPHAGEAL REFLUX DISEASE (GERD)
Health Companion with Health Recharge (Double Dhamaka),GOUT
Health Companion with Health Recharge (Double Dhamaka),CANCER/TUMORS
Health Companion with Health Recharge (Double Dhamaka),ACUTE SINUSITIS
Health Companion with Health Recharge (Double Dhamaka),ACUTE SINUSITIS
Health Companion,AUTOIMMUNE PANCREATITIS
Health Companion,ANAL FISSURE
Health Companion,DUODENAL ULCERS
Health Companion,CATARACTS
Health Companion,GASTROESOPHAGEAL REFLUX DISEASE (GERD)
Health Companion,GOUT
Health Companion,CANCER/TUMORS
Health Companion,ACUTE SINUSITIS
Health Companion,ACUTE SINUSITIS
Go Active,AUTOIMMUNE PANCREATITIS
Go Active,ANAL FISSURE
Go Active,DUODENAL ULCERS
Go Active,CATARACTS
Go Active,GASTROESOPHAGEAL REFLUX DISEASE (GERD)
Go Active,GOUT
Go Active,CANCER/TUMORS
Go Active,ACUTE SINUSITIS
Go Active,ACUTE SINUSITIS
ProHealth - Protect,ASTHMA
ProHealth - Protect,BRONCHITIS
ProHealth - Protect,ARTHRITIS AND ARTHRITIC PAIN
ProHealth - Protect,DIABETES MELLITUS TYPES I AND II
ProHealth - Protect,GOUT
ProHealth - Plus,ASTHMA
ProHealth - Plus,BRONCHITIS
ProHealth - Plus,ARTHRITIS AND ARTHRITIC PAIN
ProHealth - Plus,DIABETES MELLITUS TYPES I AND II
ProHealth - Plus,GOUT
ProHealth - Preferred,ASTHMA
ProHealth - Preferred,BRONCHITIS
ProHealth - Preferred,ARTHRITIS AND ARTHRITIC PAIN
ProHealth - Preferred,DIABETES MELLITUS TYPES I AND II
ProHealth - Preferred,GOUT
ProHealth - Premier,ASTHMA
ProHealth - Premier,BRONCHITIS
ProHealth - Premier,ARTHRITIS AND ARTHRITIC PAIN
ProHealth - Premier,DIABETES MELLITUS TYPES I AND II
ProHealth - Premier,GOUT
Health Total Vital,ANAL CANCER
Health Total Vital,CORONARY ARTERY DISEASE
Health Total Vital,ASTHMA ATTACK
Health Total Vital,ACUTE KIDNEY FAILURE
NCB Super Premium,OSTEOARTHRITIS
NCB Super Premium,GOUT
NCB Super Premium,ACUTE SINUSITIS
NCB Super Premium,CATARACTS
NCB Super Premium,DUODENAL ULCERS
NCB Super Premium,DIABETIC RETINOPATHY
NCB Super Premium,CORONARY ARTERY DISEASE
NCB Super Premium,VIRAL HEMORRHAGIC FEVERS
Care,OSTEOARTHRITIS
Care,GOUT
Care,ACUTE SINUSITIS
Care,CATARACTS
Care,DUODENAL ULCERS
Care,DIABETIC RETINOPATHY
Care,CORONARY ARTERY DISEASE
Care,VIRAL HEMORRHAGIC FEVERS
Joy Today,OSTEOARTHRITIS
Joy Today,GOUT
Joy Today,ACUTE SINUSITIS
Joy Today,CATARACTS
Joy Today,DUODENAL ULCERS
Joy Today,DIABETIC RETINOPATHY
Joy Today,CORONARY ARTERY DISEASE
Joy Today,VIRAL HEMORRHAGIC FEVERS
Care Freedom,OSTEOARTHRITIS
Care Freedom,GOUT
Care Freedom,ACUTE SINUSITIS
Care Freedom,CATARACTS
Care Freedom,DUODENAL ULCERS
Care Freedom,DIABETIC RETINOPATHY
Care Freedom,CORONARY ARTERY DISEASE
Care Freedom,VIRAL HEMORRHAGIC FEVERS
Joy Tomorrow,OSTEOARTHRITIS
Joy Tomorrow,GOUT
Joy Tomorrow,ACUTE SINUSITIS
Joy Tomorrow,CATARACTS
Joy Tomorrow,DUODENAL ULCERS
Joy Tomorrow,DIABETIC RETINOPATHY
Joy Tomorrow,CORONARY ARTERY DISEASE
Joy Tomorrow,VIRAL HEMORRHAGIC FEVERS
Care with Unlimited Recharge,OSTEOARTHRITIS
Care with Unlimited Recharge,GOUT
Care with Unlimited Recharge,ACUTE SINUSITIS
Care with Unlimited Recharge,CATARACTS
Care with Unlimited Recharge,DUODENAL ULCERS
Care with Unlimited Recharge,DIABETIC RETINOPATHY
Care with Unlimited Recharge,CORONARY ARTERY DISEASE
Care with Unlimited Recharge,VIRAL HEMORRHAGIC FEVERS
NCB Super premium with UAR,OSTEOARTHRITIS
NCB Super premium with UAR,GOUT
NCB Super premium with UAR,ACUTE SINUSITIS
NCB Super premium with UAR,CATARACTS
NCB Super premium with UAR,DUODENAL ULCERS
NCB Super premium with UAR,DIABETIC RETINOPATHY
NCB Super premium with UAR,CORONARY ARTERY DISEASE
NCB Super premium with UAR,VIRAL HEMORRHAGIC FEVERS
Care Global (Global Coverage),OSTEOARTHRITIS
Care Global (Global Coverage),GOUT
Care Global (Global Coverage),ACUTE SINUSITIS
Care Global (Global Coverage),CATARACTS
Care Global (Global Coverage),DUODENAL ULCERS
Care Global (Global Coverage),DIABETIC RETINOPATHY
Care Global (Global Coverage),CORONARY ARTERY DISEASE
Care Global (Global Coverage),VIRAL HEMORRHAGIC FEVERS
Care Freedom with Health-Checkup,OSTEOARTHRITIS
Care Freedom with Health-Checkup,GOUT
Care Freedom with Health-Checkup,ACUTE SINUSITIS
Care Freedom with Health-Checkup,CATARACTS
Care Freedom with Health-Checkup,DUODENAL ULCERS
Care Freedom with Health-Checkup,DIABETIC RETINOPATHY
Care Freedom with Health-Checkup,CORONARY ARTERY DISEASE
Care Freedom with Health-Checkup,VIRAL HEMORRHAGIC FEVERS
Care Heart,OSTEOARTHRITIS
Care Heart,GOUT
Care Heart,ACUTE SINUSITIS
Care Heart,CATARACTS
Care Heart,DUODENAL ULCERS
Care Heart,DIABETIC RETINOPATHY
Care Heart,CORONARY ARTERY DISEASE
Care Heart,VIRAL HEMORRHAGIC FEVERS
Care Global with Global Coverage including USA,OSTEOARTHRITIS
Care Global with Global Coverage including USA,GOUT
Care Global with Global Coverage including USA,ACUTE SINUSITIS
Care Global with Global Coverage including USA,CATARACTS
Care Global with Global Coverage including USA,DUODENAL ULCERS
Care Global with Global Coverage including USA,DIABETIC RETINOPATHY
Care Global with Global Coverage including USA,CORONARY ARTERY DISEASE
Care Global with Global Coverage including USA,VIRAL HEMORRHAGIC FEVERS
Optima Restore,ASTHMA ATTACK
Optima Restore,ACUTE KIDNEY FAILURE
Easy Health Individual Standard,ASTHMA ATTACK
Easy Health Individual Standard,ACUTE KIDNEY FAILURE
Easy Health Individual Exclusive,ASTHMA ATTACK
Easy Health Individual Exclusive,ACUTE KIDNEY FAILURE
Easy Health Individual Premium,ASTHMA ATTACK
Easy Health Individual Premium,ACUTE KIDNEY FAILURE
Health Wallet,ASTHMA ATTACK
Health Wallet,ACUTE KIDNEY FAILURE
Energy Silver with Co-pay,ASTHMA ATTACK
Energy Silver with Co-pay,ACUTE KIDNEY FAILURE
Energy Silver,ASTHMA ATTACK
Energy Silver,ACUTE KIDNEY FAILURE
Energy Gold,ASTHMA ATTACK
Energy Gold,ACUTE KIDNEY FAILURE
Energy Gold with Co-pay,ASTHMA ATTACK
Energy Gold with Co-pay,ACUTE KIDNEY FAILURE
1 Cr Sum Insured **,ANAL CANCER
1 Cr Sum Insured **,ASTHMA ATTACK
1 Cr Sum Insured **,ALZHEIMER'S DISEASE
1 Cr Sum Insured **,BRAIN CANCER
Activ Assure - Diamond,ANAL CANCER
Activ Assure - Diamond,ASTHMA ATTACK
Activ Assure - Diamond,ALZHEIMER'S DISEASE
Activ Assure - Diamond,BRAIN CANCER
Activ Health Enhance,ANAL CANCER
Activ Health Enhance,ASTHMA ATTACK
Activ Health Enhance,ALZHEIMER'S DISEASE
Activ Health Enhance,BRAIN CANCER
Activ Health Enhance (Diabetes),ANAL CANCER
Activ Health Enhance (Diabetes),ASTHMA ATTACK
Activ Health Enhance (Diabetes),ALZHEIMER'S DISEASE
Activ Health Enhance (Diabetes),BRAIN CANCER
Activ Health Enhance (Asthma),ANAL CANCER
Activ Health Enhance (Asthma),ASTHMA ATTACK
Activ Health Enhance (Asthma),ALZHEIMER'S DISEASE
Activ Health Enhance (Asthma),BRAIN CANCER
Activ Health Enhance (Hypertension),ANAL CANCER
Activ Health Enhance (Hypertension),ASTHMA ATTACK
Activ Health Enhance (Hypertension),ALZHEIMER'S DISEASE
Activ Health Enhance (Hypertension),BRAIN CANCER
Activ Assure – Diamond with Super NCB,ANAL CANCER
Activ Assure – Diamond with Super NCB,ASTHMA ATTACK
Activ Assure – Diamond with Super NCB,ALZHEIMER'S DISEASE
Activ Assure – Diamond with Super NCB,BRAIN CANCER
Activ Assure – Diamond with Unlimited Reload,ANAL CANCER
Activ Assure – Diamond with Unlimited Reload,ASTHMA ATTACK
Activ Assure – Diamond with Unlimited Reload,ALZHEIMER'S DISEASE
Activ Assure – Diamond with Unlimited Reload,BRAIN CANCER
Activ Assure – Diamond with Super NCB and Unlimited Reload,ANAL CANCER
Activ Assure – Diamond with Super NCB and Unlimited Reload,ASTHMA ATTACK
Activ Assure – Diamond with Super NCB and Unlimited Reload,ALZHEIMER'S DISEASE
Activ Assure – Diamond with Super NCB and Unlimited Reload,BRAIN CANCER
Medi Classic,BRONCHITIS
Medi Classic,ARTHRITIS AND ARTHRITIC PAIN
Medi Classic,DIABETES MELLITUS TYPES I AND II
Diabetes Safe Plan-B,BRONCHITIS
Diabetes Safe Plan-B,ARTHRITIS AND ARTHRITIC PAIN
Diabetes Safe Plan-B,DIABETES MELLITUS TYPES I AND II
Star Comprehensive,BRONCHITIS
Star Comprehensive,ARTHRITIS AND ARTHRITIC PAIN
Star Comprehensive,DIABETES MELLITUS TYPES I AND II
Diabetes Safe Plan-A,BRONCHITIS
Diabetes Safe Plan-A,ARTHRITIS AND ARTHRITIC PAIN
Diabetes Safe Plan-A,DIABETES MELLITUS TYPES I AND II
Cancer Care,BRONCHITIS
Cancer Care,ARTHRITIS AND ARTHRITIC PAIN
Cancer Care,DIABETES MELLITUS TYPES I AND II
Elite Combo,ACUTE KIDNEY FAILURE
Elite,ACUTE KIDNEY FAILURE
Basic,ACUTE KIDNEY FAILURE
Supreme,ACUTE KIDNEY FAILURE
E Connect,ACUTE KIDNEY FAILURE
Individual Health Guard,ACUTE KIDNEY FAILURE
Health Ensure,ACUTE KIDNEY FAILURE
Click 2 protect health,CANCER/TUMORS
Click 2 protect health,ACUTE SINUSITIS
My:health Suraksha Platinum Smart,ACUTE KIDNEY FAILURE
Health QuBE Basic,ABDOMINAL AORTIC ANEURYSM
Health QuBE Basic,ABSENCE SEIZURE
Health QuBE Basic,ACANTHOSIS NIGRICANS
Health QuBE Basic,ACHILLES TENDINITIS
Health QuBE Basic,ACHILLES TENDON RUPTURE
Health QuBE Basic,ACL INJURY
Health QuBE Basic,ACNE
Health QuBE Basic,ACOUSTIC NEUROMA
Health QuBE Basic,ACROMEGALY
Health QuBE Basic,ACTINIC KERATOSIS
Health QuBE Basic,ACUTE CORONARY SYNDROME
Health QuBE Basic,ACUTE KIDNEY FAILURE
Health QuBE Basic,ACUTE LIVER FAILURE
Health QuBE SuperSaver,ABDOMINAL AORTIC ANEURYSM
Health QuBE SuperSaver,ABSENCE SEIZURE
Health QuBE SuperSaver,ACANTHOSIS NIGRICANS
Health QuBE SuperSaver,ACHILLES TENDINITIS
Health QuBE SuperSaver,ACHILLES TENDON RUPTURE
Health QuBE SuperSaver,ACL INJURY
Health QuBE SuperSaver,ACNE
Health QuBE SuperSaver,ACOUSTIC NEUROMA
Health QuBE SuperSaver,ACROMEGALY
Health QuBE SuperSaver,ACTINIC KERATOSIS
Health QuBE SuperSaver,ACUTE CORONARY SYNDROME
Health QuBE SuperSaver,ACUTE KIDNEY FAILURE
Health QuBE SuperSaver,ACUTE LIVER FAILURE
Health QuBE Comprehensive,ABDOMINAL AORTIC ANEURYSM
Health QuBE Comprehensive,ABSENCE SEIZURE
Health QuBE Comprehensive,ACANTHOSIS NIGRICANS
Health QuBE Comprehensive,ACHILLES TENDINITIS
Health QuBE Comprehensive,ACHILLES TENDON RUPTURE
Health QuBE Comprehensive,ACL INJURY
Health QuBE Comprehensive,ACNE
Health QuBE Comprehensive,ACOUSTIC NEUROMA
Health QuBE Comprehensive,ACROMEGALY
Health QuBE Comprehensive,ACTINIC KERATOSIS
Health QuBE Comprehensive,ACUTE CORONARY SYNDROME
Health QuBE Comprehensive,ACUTE KIDNEY FAILURE
Health QuBE Comprehensive,ACUTE LIVER FAILURE
Lifeline Classic,ACUTE LYMPHOCYTIC LEUKEMIA
Lifeline Elite,ACUTE MYELOGENOUS LEUKEMIA
Lifeline Elite,ACUTE SINUSITIS
Lifeline Elite,ADDISON'S DISEASE
Lifeline Elite,ADENOMYOSIS
Lifeline Elite,ADJUSTMENT DISORDERS
Lifeline Elite,ADNEXAL TUMORS
Lifeline Elite,ADRENAL CANCER
Lifeline Elite,ADRENOLEUKODYSTROPHY
Lifeline Elite,ADULT ATTENTION-DEFICIT/HYPERACTIVITY DISORDER (ADHD)
Lifeline Elite,ADULT STILL'S DISEASE
Lifeline Elite,AGE SPOTS (LIVER SPOTS)
Lifeline Elite,AGORAPHOBIA
Lifeline Supreme,ACUTE LYMPHOCYTIC LEUKEMIA
Kotak Health Care – Excel (Including Optional Pack 1),AIRPLANE EAR
Kotak Health Care – Excel (Including Optional Pack 1),ALBINISM
Kotak Health Care – Excel (Including Optional Pack 1),ALCOHOL INTOLERANCE
Kotak Health Care – Excel (Including Optional Pack 1),ALCOHOL POISONING
Kotak Health Care – Excel (Including Optional Pack 1),ALCOHOL USE DISORDER
Kotak Health Care – Excel (Including Optional Pack 1),ALCOHOLIC HEPATITIS
Kotak Health Care – Excel (Including Optional Pack 1),ALLERGIES
Kotak Health Care – Excel (Including Optional Pack 1),ALPHA-GAL SYNDROME
Kotak Health Care – Premium (Including Optional Pack 1),AIRPLANE EAR
Kotak Health Care – Premium (Including Optional Pack 1),ALBINISM
Kotak Health Care – Premium (Including Optional Pack 1),ALCOHOL INTOLERANCE
Kotak Health Care – Premium (Including Optional Pack 1),ALCOHOL POISONING
Kotak Health Care – Premium (Including Optional Pack 1),ALCOHOL USE DISORDER
Kotak Health Care – Premium (Including Optional Pack 1),ALCOHOLIC HEPATITIS
Kotak Health Care – Premium (Including Optional Pack 1),ALLERGIES
Kotak Health Care – Premium (Including Optional Pack 1),ALPHA-GAL SYNDROME
Individual Mediclaim Policy,ALZHEIMER'S DISEASE
Individual Mediclaim Policy,AMBIGUOUS GENITALIA
Individual Mediclaim Policy,AMENORRHEA
Individual Mediclaim Policy,AMNESIA
Individual Mediclaim Policy,AMNIOTIC FLUID EMBOLISM
Individual Mediclaim Policy,AMPULLARY CANCER
Edelweiss Health Insurance- Silver (Health 241 Add-on),AMYLOIDOSIS
Edelweiss Health Insurance- Silver (Health 241 Add-on),AMYOTROPHIC LATERAL SCLEROSIS (ALS)
Edelweiss Health Insurance- Silver (Health 241 Add-on),ANAL CANCER
Edelweiss Health Insurance- Silver (Health 241 Add-on),ANAL FISSURE
Edelweiss Health Insurance- Silver (Health 241 Add-on),ANAL ITCHING
Edelweiss Health Insurance- Silver (Health 241 Add-on),ANAPHYLAXIS
Edelweiss Health Insurance- Silver (Health 241 Add-on),ANEMIA
Edelweiss Health Insurance- Silver (Health 241 Add-on),ANEURYSMS
Edelweiss Health Insurance- Silver (Health 241 Add-on),ANGELMAN SYNDROME
Edelweiss Health Insurance- Silver (Health 241 Add-on),ANGINA
Edelweiss Health Insurance- Silver (Health 241 Add-on),ANGIOSARCOMA
Edelweiss Health Insurance- Silver (Health 241 Add-on),ANHIDROSIS
Edelweiss Health Insurance- Silver (Health 241 Add-on),ANKYLOSING SPONDYLITIS
Edelweiss Health Insurance- Silver (Health 241 Add-on),ANOREXIA NERVOSA
Edelweiss Health Insurance- Silver (Health 241 Add-on),ANORGASMIA IN WOMEN
Edelweiss Health Insurance- Silver (Health 241 Add-on),ANTERIOR PROLAPSE (CYSTOCELE)
Edelweiss Health Insurance- Silver (Health 241 Add-on),ANTHRAX
Edelweiss Health Insurance- Silver (Health 241 Add-on),ANTIBIOTIC-ASSOCIATED DIARRHEA
Edelweiss Health Insurance- Silver (Health 241 Add-on),ANTIPHOSPHOLIPID SYNDROME
Edelweiss Health Insurance- Gold (Health 241 Add-on),AMYLOIDOSIS
Edelweiss Health Insurance- Gold (Health 241 Add-on),AMYOTROPHIC LATERAL SCLEROSIS (ALS)
Edelweiss Health Insurance- Gold (Health 241 Add-on),ANAL CANCER
Edelweiss Health Insurance- Gold (Health 241 Add-on),ANAL FISSURE
Edelweiss Health Insurance- Gold (Health 241 Add-on),ANAL ITCHING
Edelweiss Health Insurance- Gold (Health 241 Add-on),ANAPHYLAXIS
Edelweiss Health Insurance- Gold (Health 241 Add-on),ANEMIA
Edelweiss Health Insurance- Gold (Health 241 Add-on),ANEURYSMS
Edelweiss Health Insurance- Gold (Health 241 Add-on),ANGELMAN SYNDROME
Edelweiss Health Insurance- Gold (Health 241 Add-on),ANGINA
Edelweiss Health Insurance- Gold (Health 241 Add-on),ANGIOSARCOMA
Edelweiss Health Insurance- Gold (Health 241 Add-on),ANHIDROSIS
Edelweiss Health Insurance- Gold (Health 241 Add-on),ANKYLOSING SPONDYLITIS
Edelweiss Health Insurance- Gold (Health 241 Add-on),ANOREXIA NERVOSA
Edelweiss Health Insurance- Gold (Health 241 Add-on),ANORGASMIA IN WOMEN
Edelweiss Health Insurance- Gold (Health 241 Add-on),ANTERIOR PROLAPSE (CYSTOCELE)
Edelweiss Health Insurance- Gold (Health 241 Add-on),ANTHRAX
Edelweiss Health Insurance- Gold (Health 241 Add-on),ANTIBIOTIC-ASSOCIATED DIARRHEA
Edelweiss Health Insurance- Gold (Health 241 Add-on),ANTIPHOSPHOLIPID SYNDROME
Edelweiss Health Insurance- Platinum (Health 241 Add-on),AMYLOIDOSIS
Edelweiss Health Insurance- Platinum (Health 241 Add-on),AMYOTROPHIC LATERAL SCLEROSIS (ALS)
Edelweiss Health Insurance- Platinum (Health 241 Add-on),ANAL CANCER
Edelweiss Health Insurance- Platinum (Health 241 Add-on),ANAL FISSURE
Edelweiss Health Insurance- Platinum (Health 241 Add-on),ANAL ITCHING
Edelweiss Health Insurance- Platinum (Health 241 Add-on),ANAPHYLAXIS
Edelweiss Health Insurance- Platinum (Health 241 Add-on),ANEMIA
Edelweiss Health Insurance- Platinum (Health 241 Add-on),ANEURYSMS
Edelweiss Health Insurance- Platinum (Health 241 Add-on),ANGELMAN SYNDROME
Edelweiss Health Insurance- Platinum (Health 241 Add-on),ANGINA
Edelweiss Health Insurance- Platinum (Health 241 Add-on),ANGIOSARCOMA
Edelweiss Health Insurance- Platinum (Health 241 Add-on),ANHIDROSIS
Edelweiss Health Insurance- Platinum (Health 241 Add-on),ANKYLOSING SPONDYLITIS
Edelweiss Health Insurance- Platinum (Health 241 Add-on),ANOREXIA NERVOSA
Edelweiss Health Insurance- Platinum (Health 241 Add-on),ANORGASMIA IN WOMEN
Edelweiss Health Insurance- Platinum (Health 241 Add-on),ANTERIOR PROLAPSE (CYSTOCELE)
Edelweiss Health Insurance- Platinum (Health 241 Add-on),ANTHRAX
Edelweiss Health Insurance- Platinum (Health 241 Add-on),ANTIBIOTIC-ASSOCIATED DIARRHEA
Edelweiss Health Insurance- Platinum (Health 241 Add-on),ANTIPHOSPHOLIPID SYNDROME
Edelweiss Health Insurance Silver,AMYLOIDOSIS
Edelweiss Health Insurance Silver,AMYOTROPHIC LATERAL SCLEROSIS (ALS)
Edelweiss Health Insurance Silver,ANAL CANCER
Edelweiss Health Insurance Silver,ANAL FISSURE
Edelweiss Health Insurance Silver,ANAL ITCHING
Edelweiss Health Insurance Silver,ANAPHYLAXIS
Edelweiss Health Insurance Silver,ANEMIA
Edelweiss Health Insurance Silver,ANEURYSMS
Edelweiss Health Insurance Silver,ANGELMAN SYNDROME
Edelweiss Health Insurance Silver,ANGINA
Edelweiss Health Insurance Silver,ANGIOSARCOMA
Edelweiss Health Insurance Silver,ANHIDROSIS
Edelweiss Health Insurance Silver,ANKYLOSING SPONDYLITIS
Edelweiss Health Insurance Silver,ANOREXIA NERVOSA
Edelweiss Health Insurance Silver,ANORGASMIA IN WOMEN
Edelweiss Health Insurance Silver,ANTERIOR PROLAPSE (CYSTOCELE)
Edelweiss Health Insurance Silver,ANTHRAX
Edelweiss Health Insurance Silver,ANTIBIOTIC-ASSOCIATED DIARRHEA
Edelweiss Health Insurance Silver,ANTIPHOSPHOLIPID SYNDROME
Edelweiss Health Insurance Gold,AMYLOIDOSIS
Edelweiss Health Insurance Gold,AMYOTROPHIC LATERAL SCLEROSIS (ALS)
Edelweiss Health Insurance Gold,ANAL CANCER
Edelweiss Health Insurance Gold,ANAL FISSURE
Edelweiss Health Insurance Gold,ANAL ITCHING
Edelweiss Health Insurance Gold,ANAPHYLAXIS
Edelweiss Health Insurance Gold,ANEMIA
Edelweiss Health Insurance Gold,ANEURYSMS
Edelweiss Health Insurance Gold,ANGELMAN SYNDROME
Edelweiss Health Insurance Gold,ANGINA
Edelweiss Health Insurance Gold,ANGIOSARCOMA
Edelweiss Health Insurance Gold,ANHIDROSIS
Edelweiss Health Insurance Gold,ANKYLOSING SPONDYLITIS
Edelweiss Health Insurance Gold,ANOREXIA NERVOSA
Edelweiss Health Insurance Gold,ANORGASMIA IN WOMEN
Edelweiss Health Insurance Gold,ANTERIOR PROLAPSE (CYSTOCELE)
Edelweiss Health Insurance Gold,ANTHRAX
Edelweiss Health Insurance Gold,ANTIBIOTIC-ASSOCIATED DIARRHEA
Edelweiss Health Insurance Gold,ANTIPHOSPHOLIPID SYNDROME
Edelweiss Health Insurance Platinum,AMYLOIDOSIS
Edelweiss Health Insurance Platinum,AMYOTROPHIC LATERAL SCLEROSIS (ALS)
Edelweiss Health Insurance Platinum,ANAL CANCER
Edelweiss Health Insurance Platinum,ANAL FISSURE
Edelweiss Health Insurance Platinum,ANAL ITCHING
Edelweiss Health Insurance Platinum,ANAPHYLAXIS
Edelweiss Health Insurance Platinum,ANEMIA
Edelweiss Health Insurance Platinum,ANEURYSMS
Edelweiss Health Insurance Platinum,ANGELMAN SYNDROME
Edelweiss Health Insurance Platinum,ANGINA
Edelweiss Health Insurance Platinum,ANGIOSARCOMA
Edelweiss Health Insurance Platinum,ANHIDROSIS
Edelweiss Health Insurance Platinum,ANKYLOSING SPONDYLITIS
Edelweiss Health Insurance Platinum,ANOREXIA NERVOSA
Edelweiss Health Insurance Platinum,ANORGASMIA IN WOMEN
Edelweiss Health Insurance Platinum,ANTERIOR PROLAPSE (CYSTOCELE)
Edelweiss Health Insurance Platinum,ANTHRAX
Edelweiss Health Insurance Platinum,ANTIBIOTIC-ASSOCIATED DIARRHEA
Edelweiss Health Insurance Platinum,ANTIPHOSPHOLIPID SYNDROME
Health Gain,ANTISOCIAL PERSONALITY DISORDER
Health Gain,ANXIETY DISORDERS
Health Gain,AORTIC ANEURYSM
Health Gain,AORTIC DISSECTION
Health Gain,AORTIC VALVE DISEASE
Health Gain,ADRENOLEUKODYSTROPHY
Medicare,AIRPLANE EAR
Medicare,ALBINISM
Medicare,ALCOHOL INTOLERANCE
Medicare,ALCOHOL POISONING
Medicare,ALCOHOL USE DISORDER
Medicare,ALCOHOLIC HEPATITIS
Medicare,ALLERGIES
Medicare,ALPHA-GAL SYNDROME
Medicare protect,AIRPLANE EAR
Medicare protect,ALBINISM
Medicare protect,ALCOHOL INTOLERANCE
Medicare protect,ALCOHOL POISONING
Medicare protect,ALCOHOL USE DISORDER
Medicare protect,ALCOHOLIC HEPATITIS
Medicare protect,ALLERGIES
Medicare protect,ALPHA-GAL SYNDROME
Medicare Premier,AIRPLANE EAR
Medicare Premier,ALBINISM
Medicare Premier,ALCOHOL INTOLERANCE
Medicare Premier,ALCOHOL POISONING
Medicare Premier,ALCOHOL USE DISORDER
Medicare Premier,ALCOHOLIC HEPATITIS
Medicare Premier,ALLERGIES
Medicare Premier,ALPHA-GAL SYNDROME
Option 1 - Maxima Restore Super,ALZHEIMER'S DISEASE
Option 1 - Maxima Restore Super,AMBIGUOUS GENITALIA
Option 1 - Maxima Restore Super,AMENORRHEA
Option 1 - Maxima Restore Super,AMNESIA
Option 1 - Maxima Restore Super,AMNIOTIC FLUID EMBOLISM
Option 1 - Maxima Restore Super,AMPULLARY CANCER
Option 2 - Early Cover,ALZHEIMER'S DISEASE
Option 2 - Early Cover,AMBIGUOUS GENITALIA
Option 2 - Early Cover,AMENORRHEA
Option 2 - Early Cover,AMNESIA
Option 2 - Early Cover,AMNIOTIC FLUID EMBOLISM
Option 2 - Early Cover,AMPULLARY CANCER
Option 3 – Super Care,ALZHEIMER'S DISEASE
Option 3 – Super Care,AMBIGUOUS GENITALIA
Option 3 – Super Care,AMENORRHEA
Option 3 – Super Care,AMNESIA
Option 3 – Super Care,AMNIOTIC FLUID EMBOLISM
Option 3 – Super Care,AMPULLARY CANCER
Individual Health Protector,ACUTE LYMPHOCYTIC LEUKEMIA
Health Companion with Recharge (Money Saver),ABDOMINAL AORTIC ANEURYSM
Health Companion with Recharge (Money Saver),ABSENCE SEIZURE
Health Companion with Recharge (Money Saver),ACANTHOSIS NIGRICANS
Health Companion with Recharge (Money Saver),ACHILLES TENDINITIS
Health Companion with Recharge (Money Saver),ACHILLES TENDON RUPTURE
Health Companion with Recharge (Money Saver),ACL INJURY
Health Companion with Recharge (Money Saver),ACNE
Health Companion with Recharge (Money Saver),ACOUSTIC NEUROMA
Health Companion with Recharge (Money Saver),ACROMEGALY
Health Companion with Recharge (Money Saver),ACTINIC KERATOSIS
Health Companion with Recharge (Money Saver),ACUTE CORONARY SYNDROME
Health Companion with Recharge (Money Saver),ACUTE KIDNEY FAILURE
Health Companion with Recharge (Money Saver),ACUTE LIVER FAILURE
Health Pulse Enhanced,ABDOMINAL AORTIC ANEURYSM
Health Pulse Enhanced,ABSENCE SEIZURE
Health Pulse Enhanced,ACANTHOSIS NIGRICANS
Health Pulse Enhanced,ACHILLES TENDINITIS
Health Pulse Enhanced,ACHILLES TENDON RUPTURE
Health Pulse Enhanced,ACL INJURY
Health Pulse Enhanced,ACNE
Health Pulse Enhanced,ACOUSTIC NEUROMA
Health Pulse Enhanced,ACROMEGALY
Health Pulse Enhanced,ACTINIC KERATOSIS
Health Pulse Enhanced,ACUTE CORONARY SYNDROME
Health Pulse Enhanced,ACUTE KIDNEY FAILURE
Health Pulse Enhanced,ACUTE LIVER FAILURE
Health Companion with Health Recharge (Double Dhamaka),ABDOMINAL AORTIC ANEURYSM
Health Companion with Health Recharge (Double Dhamaka),ABSENCE SEIZURE
Health Companion with Health Recharge (Double Dhamaka),ACANTHOSIS NIGRICANS
Health Companion with Health Recharge (Double Dhamaka),ACHILLES TENDINITIS
Health Companion with Health Recharge (Double Dhamaka),ACHILLES TENDON RUPTURE
Health Companion with Health Recharge (Double Dhamaka),ACL INJURY
Health Companion with Health Recharge (Double Dhamaka),ACNE
Health Companion with Health Recharge (Double Dhamaka),ACOUSTIC NEUROMA
Health Companion with Health Recharge (Double Dhamaka),ACROMEGALY
Health Companion with Health Recharge (Double Dhamaka),ACTINIC KERATOSIS
Health Companion with Health Recharge (Double Dhamaka),ACUTE CORONARY SYNDROME
Health Companion with Health Recharge (Double Dhamaka),ACUTE KIDNEY FAILURE
Health Companion with Health Recharge (Double Dhamaka),ACUTE LIVER FAILURE
Health Companion,ABDOMINAL AORTIC ANEURYSM
Health Companion,ABSENCE SEIZURE
Health Companion,ACANTHOSIS NIGRICANS
Health Companion,ACHILLES TENDINITIS
Health Companion,ACHILLES TENDON RUPTURE
Health Companion,ACL INJURY
Health Companion,ACNE
Health Companion,ACOUSTIC NEUROMA
Health Companion,ACROMEGALY
Health Companion,ACTINIC KERATOSIS
Health Companion,ACUTE CORONARY SYNDROME
Health Companion,ACUTE KIDNEY FAILURE
Health Companion,ACUTE LIVER FAILURE
Go Active,ABDOMINAL AORTIC ANEURYSM
Go Active,ABSENCE SEIZURE
Go Active,ACANTHOSIS NIGRICANS
Go Active,ACHILLES TENDINITIS
Go Active,ACHILLES TENDON RUPTURE
Go Active,ACL INJURY
Go Active,ACNE
Go Active,ACOUSTIC NEUROMA
Go Active,ACROMEGALY
Go Active,ACTINIC KERATOSIS
Go Active,ACUTE CORONARY SYNDROME
Go Active,ACUTE KIDNEY FAILURE
Go Active,ACUTE LIVER FAILURE
ProHealth - Protect,ALZHEIMER'S DISEASE
ProHealth - Protect,AMBIGUOUS GENITALIA
ProHealth - Protect,AMENORRHEA
ProHealth - Protect,AMNESIA
ProHealth - Protect,AMNIOTIC FLUID EMBOLISM
ProHealth - Protect,AMPULLARY CANCER
ProHealth - Plus,ALZHEIMER'S DISEASE
ProHealth - Plus,AMBIGUOUS GENITALIA
ProHealth - Plus,AMENORRHEA
ProHealth - Plus,AMNESIA
ProHealth - Plus,AMNIOTIC FLUID EMBOLISM
ProHealth - Plus,AMPULLARY CANCER
ProHealth - Preferred,ALZHEIMER'S DISEASE
ProHealth - Preferred,AMBIGUOUS GENITALIA
ProHealth - Preferred,AMENORRHEA
ProHealth - Preferred,AMNESIA
ProHealth - Preferred,AMNIOTIC FLUID EMBOLISM
ProHealth - Preferred,AMPULLARY CANCER
ProHealth - Premier,ALZHEIMER'S DISEASE
ProHealth - Premier,AMBIGUOUS GENITALIA
ProHealth - Premier,AMENORRHEA
ProHealth - Premier,AMNESIA
ProHealth - Premier,AMNIOTIC FLUID EMBOLISM
ProHealth - Premier,AMPULLARY CANCER
Health Total Vital,ANTISOCIAL PERSONALITY DISORDER
Health Total Vital,ANXIETY DISORDERS
Health Total Vital,AORTIC ANEURYSM
Health Total Vital,AORTIC DISSECTION
Health Total Vital,AORTIC VALVE DISEASE
Health Total Vital,ADRENOLEUKODYSTROPHY
NCB Super Premium,AMYLOIDOSIS
NCB Super Premium,AMYOTROPHIC LATERAL SCLEROSIS (ALS)
NCB Super Premium,ANAL CANCER
NCB Super Premium,ANAL FISSURE
NCB Super Premium,ANAL ITCHING
NCB Super Premium,ANAPHYLAXIS
NCB Super Premium,ANEMIA
NCB Super Premium,ANEURYSMS
NCB Super Premium,ANGELMAN SYNDROME
NCB Super Premium,ANGINA
NCB Super Premium,ANGIOSARCOMA
NCB Super Premium,ANHIDROSIS
NCB Super Premium,ANKYLOSING SPONDYLITIS
NCB Super Premium,ANOREXIA NERVOSA
NCB Super Premium,ANORGASMIA IN WOMEN
NCB Super Premium,ANTERIOR PROLAPSE (CYSTOCELE)
NCB Super Premium,ANTHRAX
NCB Super Premium,ANTIBIOTIC-ASSOCIATED DIARRHEA
NCB Super Premium,ANTIPHOSPHOLIPID SYNDROME
Care,AMYLOIDOSIS
Care,AMYOTROPHIC LATERAL SCLEROSIS (ALS)
Care,ANAL CANCER
Care,ANAL FISSURE
Care,ANAL ITCHING
Care,ANAPHYLAXIS
Care,ANEMIA
Care,ANEURYSMS
Care,ANGELMAN SYNDROME
Care,ANGINA
Care,ANGIOSARCOMA
Care,ANHIDROSIS
Care,ANKYLOSING SPONDYLITIS
Care,ANOREXIA NERVOSA
Care,ANORGASMIA IN WOMEN
Care,ANTERIOR PROLAPSE (CYSTOCELE)
Care,ANTHRAX
Care,ANTIBIOTIC-ASSOCIATED DIARRHEA
Care,ANTIPHOSPHOLIPID SYNDROME
Joy Today,AMYLOIDOSIS
Joy Today,AMYOTROPHIC LATERAL SCLEROSIS (ALS)
Joy Today,ANAL CANCER
Joy Today,ANAL FISSURE
Joy Today,ANAL ITCHING
Joy Today,ANAPHYLAXIS
Joy Today,ANEMIA
Joy Today,ANEURYSMS
Joy Today,ANGELMAN SYNDROME
Joy Today,ANGINA
Joy Today,ANGIOSARCOMA
Joy Today,ANHIDROSIS
Joy Today,ANKYLOSING SPONDYLITIS
Joy Today,ANOREXIA NERVOSA
Joy Today,ANORGASMIA IN WOMEN
Joy Today,ANTERIOR PROLAPSE (CYSTOCELE)
Joy Today,ANTHRAX
Joy Today,ANTIBIOTIC-ASSOCIATED DIARRHEA
Joy Today,ANTIPHOSPHOLIPID SYNDROME
Care Freedom,AMYLOIDOSIS
Care Freedom,AMYOTROPHIC LATERAL SCLEROSIS (ALS)
Care Freedom,ANAL CANCER
Care Freedom,ANAL FISSURE
Care Freedom,ANAL ITCHING
Care Freedom,ANAPHYLAXIS
Care Freedom,ANEMIA
Care Freedom,ANEURYSMS
Care Freedom,ANGELMAN SYNDROME
Care Freedom,ANGINA
Care Freedom,ANGIOSARCOMA
Care Freedom,ANHIDROSIS
Care Freedom,ANKYLOSING SPONDYLITIS
Care Freedom,ANOREXIA NERVOSA
Care Freedom,ANORGASMIA IN WOMEN
Care Freedom,ANTERIOR PROLAPSE (CYSTOCELE)
Care Freedom,ANTHRAX
Care Freedom,ANTIBIOTIC-ASSOCIATED DIARRHEA
Care Freedom,ANTIPHOSPHOLIPID SYNDROME
Joy Tomorrow,AMYLOIDOSIS
Joy Tomorrow,AMYOTROPHIC LATERAL SCLEROSIS (ALS)
Joy Tomorrow,ANAL CANCER
Joy Tomorrow,ANAL FISSURE
Joy Tomorrow,ANAL ITCHING
Joy Tomorrow,ANAPHYLAXIS
Joy Tomorrow,ANEMIA
Joy Tomorrow,ANEURYSMS
Joy Tomorrow,ANGELMAN SYNDROME
Joy Tomorrow,ANGINA
Joy Tomorrow,ANGIOSARCOMA
Joy Tomorrow,ANHIDROSIS
Joy Tomorrow,ANKYLOSING SPONDYLITIS
Joy Tomorrow,ANOREXIA NERVOSA
Joy Tomorrow,ANORGASMIA IN WOMEN
Joy Tomorrow,ANTERIOR PROLAPSE (CYSTOCELE)
Joy Tomorrow,ANTHRAX
Joy Tomorrow,ANTIBIOTIC-ASSOCIATED DIARRHEA
Joy Tomorrow,ANTIPHOSPHOLIPID SYNDROME
Care with Unlimited Recharge,AMYLOIDOSIS
Care with Unlimited Recharge,AMYOTROPHIC LATERAL SCLEROSIS (ALS)
Care with Unlimited Recharge,ANAL CANCER
Care with Unlimited Recharge,ANAL FISSURE
Care with Unlimited Recharge,ANAL ITCHING
Care with Unlimited Recharge,ANAPHYLAXIS
Care with Unlimited Recharge,ANEMIA
Care with Unlimited Recharge,ANEURYSMS
Care with Unlimited Recharge,ANGELMAN SYNDROME
Care with Unlimited Recharge,ANGINA
Care with Unlimited Recharge,ANGIOSARCOMA
Care with Unlimited Recharge,ANHIDROSIS
Care with Unlimited Recharge,ANKYLOSING SPONDYLITIS
Care with Unlimited Recharge,ANOREXIA NERVOSA
Care with Unlimited Recharge,ANORGASMIA IN WOMEN
Care with Unlimited Recharge,ANTERIOR PROLAPSE (CYSTOCELE)
Care with Unlimited Recharge,ANTHRAX
Care with Unlimited Recharge,ANTIBIOTIC-ASSOCIATED DIARRHEA
Care with Unlimited Recharge,ANTIPHOSPHOLIPID SYNDROME
NCB Super premium with UAR,AMYLOIDOSIS
NCB Super premium with UAR,AMYOTROPHIC LATERAL SCLEROSIS (ALS)
NCB Super premium with UAR,ANAL CANCER
NCB Super premium with UAR,ANAL FISSURE
NCB Super premium with UAR,ANAL ITCHING
NCB Super premium with UAR,ANAPHYLAXIS
NCB Super premium with UAR,ANEMIA
NCB Super premium with UAR,ANEURYSMS
NCB Super premium with UAR,ANGELMAN SYNDROME
NCB Super premium with UAR,ANGINA
NCB Super premium with UAR,ANGIOSARCOMA
NCB Super premium with UAR,ANHIDROSIS
NCB Super premium with UAR,ANKYLOSING SPONDYLITIS
NCB Super premium with UAR,ANOREXIA NERVOSA
NCB Super premium with UAR,ANORGASMIA IN WOMEN
NCB Super premium with UAR,ANTERIOR PROLAPSE (CYSTOCELE)
NCB Super premium with UAR,ANTHRAX
NCB Super premium with UAR,ANTIBIOTIC-ASSOCIATED DIARRHEA
NCB Super premium with UAR,ANTIPHOSPHOLIPID SYNDROME
Care Global (Global Coverage),AMYLOIDOSIS
Care Global (Global Coverage),AMYOTROPHIC LATERAL SCLEROSIS (ALS)
Care Global (Global Coverage),ANAL CANCER
Care Global (Global Coverage),ANAL FISSURE
Care Global (Global Coverage),ANAL ITCHING
Care Global (Global Coverage),ANAPHYLAXIS
Care Global (Global Coverage),ANEMIA
Care Global (Global Coverage),ANEURYSMS
Care Global (Global Coverage),ANGELMAN SYNDROME
Care Global (Global Coverage),ANGINA
Care Global (Global Coverage),ANGIOSARCOMA
Care Global (Global Coverage),ANHIDROSIS
Care Global (Global Coverage),ANKYLOSING SPONDYLITIS
Care Global (Global Coverage),ANOREXIA NERVOSA
Care Global (Global Coverage),ANORGASMIA IN WOMEN
Care Global (Global Coverage),ANTERIOR PROLAPSE (CYSTOCELE)
Care Global (Global Coverage),ANTHRAX
Care Global (Global Coverage),ANTIBIOTIC-ASSOCIATED DIARRHEA
Care Global (Global Coverage),ANTIPHOSPHOLIPID SYNDROME
Care Freedom with Health-Checkup,AMYLOIDOSIS
Care Freedom with Health-Checkup,AMYOTROPHIC LATERAL SCLEROSIS (ALS)
Care Freedom with Health-Checkup,ANAL CANCER
Care Freedom with Health-Checkup,ANAL FISSURE
Care Freedom with Health-Checkup,ANAL ITCHING
Care Freedom with Health-Checkup,ANAPHYLAXIS
Care Freedom with Health-Checkup,ANEMIA
Care Freedom with Health-Checkup,ANEURYSMS
Care Freedom with Health-Checkup,ANGELMAN SYNDROME
Care Freedom with Health-Checkup,ANGINA
Care Freedom with Health-Checkup,ANGIOSARCOMA
Care Freedom with Health-Checkup,ANHIDROSIS
Care Freedom with Health-Checkup,ANKYLOSING SPONDYLITIS
Care Freedom with Health-Checkup,ANOREXIA NERVOSA
Care Freedom with Health-Checkup,ANORGASMIA IN WOMEN
Care Freedom with Health-Checkup,ANTERIOR PROLAPSE (CYSTOCELE)
Care Freedom with Health-Checkup,ANTHRAX
Care Freedom with Health-Checkup,ANTIBIOTIC-ASSOCIATED DIARRHEA
Care Freedom with Health-Checkup,ANTIPHOSPHOLIPID SYNDROME
Care Heart,AMYLOIDOSIS
Care Heart,AMYOTROPHIC LATERAL SCLEROSIS (ALS)
Care Heart,ANAL CANCER
Care Heart,ANAL FISSURE
Care Heart,ANAL ITCHING
Care Heart,ANAPHYLAXIS
Care Heart,ANEMIA
Care Heart,ANEURYSMS
Care Heart,ANGELMAN SYNDROME
Care Heart,ANGINA
Care Heart,ANGIOSARCOMA
Care Heart,ANHIDROSIS
Care Heart,ANKYLOSING SPONDYLITIS
Care Heart,ANOREXIA NERVOSA
Care Heart,ANORGASMIA IN WOMEN
Care Heart,ANTERIOR PROLAPSE (CYSTOCELE)
Care Heart,ANTHRAX
Care Heart,ANTIBIOTIC-ASSOCIATED DIARRHEA
Care Heart,ANTIPHOSPHOLIPID SYNDROME
Care Global with Global Coverage including USA,AMYLOIDOSIS
Care Global with Global Coverage including USA,AMYOTROPHIC LATERAL SCLEROSIS (ALS)
Care Global with Global Coverage including USA,ANAL CANCER
Care Global with Global Coverage including USA,ANAL FISSURE
Care Global with Global Coverage including USA,ANAL ITCHING
Care Global with Global Coverage including USA,ANAPHYLAXIS
Care Global with Global Coverage including USA,ANEMIA
Care Global with Global Coverage including USA,ANEURYSMS
Care Global with Global Coverage including USA,ANGELMAN SYNDROME
Care Global with Global Coverage including USA,ANGINA
Care Global with Global Coverage including USA,ANGIOSARCOMA
Care Global with Global Coverage including USA,ANHIDROSIS
Care Global with Global Coverage including USA,ANKYLOSING SPONDYLITIS
Care Global with Global Coverage including USA,ANOREXIA NERVOSA
Care Global with Global Coverage including USA,ANORGASMIA IN WOMEN
Care Global with Global Coverage including USA,ANTERIOR PROLAPSE (CYSTOCELE)
Care Global with Global Coverage including USA,ANTHRAX
Care Global with Global Coverage including USA,ANTIBIOTIC-ASSOCIATED DIARRHEA
Care Global with Global Coverage including USA,ANTIPHOSPHOLIPID SYNDROME
Optima Restore,ACUTE MYELOGENOUS LEUKEMIA
Optima Restore,ACUTE SINUSITIS
Optima Restore,ADDISON'S DISEASE
Optima Restore,ADENOMYOSIS
Optima Restore,ADJUSTMENT DISORDERS
Optima Restore,ADNEXAL TUMORS
Optima Restore,ADRENAL CANCER
Optima Restore,ADRENOLEUKODYSTROPHY
Optima Restore,ADULT ATTENTION-DEFICIT/HYPERACTIVITY DISORDER (ADHD)
Optima Restore,ADULT STILL'S DISEASE
Optima Restore,AGE SPOTS (LIVER SPOTS)
Optima Restore,AGORAPHOBIA
Easy Health Individual Standard,ACUTE MYELOGENOUS LEUKEMIA
Easy Health Individual Standard,ACUTE SINUSITIS
Easy Health Individual Standard,ADDISON'S DISEASE
Easy Health Individual Standard,ADENOMYOSIS
Easy Health Individual Standard,ADJUSTMENT DISORDERS
Easy Health Individual Standard,ADNEXAL TUMORS
Easy Health Individual Standard,ADRENAL CANCER
Easy Health Individual Standard,ADRENOLEUKODYSTROPHY
Easy Health Individual Standard,ADULT ATTENTION-DEFICIT/HYPERACTIVITY DISORDER (ADHD)
Easy Health Individual Standard,ADULT STILL'S DISEASE
Easy Health Individual Standard,AGE SPOTS (LIVER SPOTS)
Easy Health Individual Standard,AGORAPHOBIA
Easy Health Individual Exclusive,ACUTE MYELOGENOUS LEUKEMIA
Easy Health Individual Exclusive,ACUTE SINUSITIS
Easy Health Individual Exclusive,ADDISON'S DISEASE
Easy Health Individual Exclusive,ADENOMYOSIS
Easy Health Individual Exclusive,ADJUSTMENT DISORDERS
Easy Health Individual Exclusive,ADNEXAL TUMORS
Easy Health Individual Exclusive,ADRENAL CANCER
Easy Health Individual Exclusive,ADRENOLEUKODYSTROPHY
Easy Health Individual Exclusive,ADULT ATTENTION-DEFICIT/HYPERACTIVITY DISORDER (ADHD)
Easy Health Individual Exclusive,ADULT STILL'S DISEASE
Easy Health Individual Exclusive,AGE SPOTS (LIVER SPOTS)
Easy Health Individual Exclusive,AGORAPHOBIA
Easy Health Individual Premium,ACUTE MYELOGENOUS LEUKEMIA
Easy Health Individual Premium,ACUTE SINUSITIS
Easy Health Individual Premium,ADDISON'S DISEASE
Easy Health Individual Premium,ADENOMYOSIS
Easy Health Individual Premium,ADJUSTMENT DISORDERS
Easy Health Individual Premium,ADNEXAL TUMORS
Easy Health Individual Premium,ADRENAL CANCER
Easy Health Individual Premium,ADRENOLEUKODYSTROPHY
Easy Health Individual Premium,ADULT ATTENTION-DEFICIT/HYPERACTIVITY DISORDER (ADHD)
Easy Health Individual Premium,ADULT STILL'S DISEASE
Easy Health Individual Premium,AGE SPOTS (LIVER SPOTS)
Easy Health Individual Premium,AGORAPHOBIA
Health Wallet,ACUTE MYELOGENOUS LEUKEMIA
Health Wallet,ACUTE SINUSITIS
Health Wallet,ADDISON'S DISEASE
Health Wallet,ADENOMYOSIS
Health Wallet,ADJUSTMENT DISORDERS
Health Wallet,ADNEXAL TUMORS
Health Wallet,ADRENAL CANCER
Health Wallet,ADRENOLEUKODYSTROPHY
Health Wallet,ADULT ATTENTION-DEFICIT/HYPERACTIVITY DISORDER (ADHD)
Health Wallet,ADULT STILL'S DISEASE
Health Wallet,AGE SPOTS (LIVER SPOTS)
Health Wallet,AGORAPHOBIA
Energy Silver with Co-pay,ACUTE MYELOGENOUS LEUKEMIA
Energy Silver with Co-pay,ACUTE SINUSITIS
Energy Silver with Co-pay,ADDISON'S DISEASE
Energy Silver with Co-pay,ADENOMYOSIS
Energy Silver with Co-pay,ADJUSTMENT DISORDERS
Energy Silver with Co-pay,ADNEXAL TUMORS
Energy Silver with Co-pay,ADRENAL CANCER
Energy Silver with Co-pay,ADRENOLEUKODYSTROPHY
Energy Silver with Co-pay,ADULT ATTENTION-DEFICIT/HYPERACTIVITY DISORDER (ADHD)
Energy Silver with Co-pay,ADULT STILL'S DISEASE
Energy Silver with Co-pay,AGE SPOTS (LIVER SPOTS)
Energy Silver with Co-pay,AGORAPHOBIA
Energy Silver,ACUTE MYELOGENOUS LEUKEMIA
Energy Silver,ACUTE SINUSITIS
Energy Silver,ADDISON'S DISEASE
Energy Silver,ADENOMYOSIS
Energy Silver,ADJUSTMENT DISORDERS
Energy Silver,ADNEXAL TUMORS
Energy Silver,ADRENAL CANCER
Energy Silver,ADRENOLEUKODYSTROPHY
Energy Silver,ADULT ATTENTION-DEFICIT/HYPERACTIVITY DISORDER (ADHD)
Energy Silver,ADULT STILL'S DISEASE
Energy Silver,AGE SPOTS (LIVER SPOTS)
Energy Silver,AGORAPHOBIA
Energy Gold,ACUTE MYELOGENOUS LEUKEMIA
Energy Gold,ACUTE SINUSITIS
Energy Gold,ADDISON'S DISEASE
Energy Gold,ADENOMYOSIS
Energy Gold,ADJUSTMENT DISORDERS
Energy Gold,ADNEXAL TUMORS
Energy Gold,ADRENAL CANCER
Energy Gold,ADRENOLEUKODYSTROPHY
Energy Gold,ADULT ATTENTION-DEFICIT/HYPERACTIVITY DISORDER (ADHD)
Energy Gold,ADULT STILL'S DISEASE
Energy Gold,AGE SPOTS (LIVER SPOTS)
Energy Gold,AGORAPHOBIA
Energy Gold with Co-pay,ACUTE MYELOGENOUS LEUKEMIA
Energy Gold with Co-pay,ACUTE SINUSITIS
Energy Gold with Co-pay,ADDISON'S DISEASE
Energy Gold with Co-pay,ADENOMYOSIS
Energy Gold with Co-pay,ADJUSTMENT DISORDERS
Energy Gold with Co-pay,ADNEXAL TUMORS
Energy Gold with Co-pay,ADRENAL CANCER
Energy Gold with Co-pay,ADRENOLEUKODYSTROPHY
Energy Gold with Co-pay,ADULT ATTENTION-DEFICIT/HYPERACTIVITY DISORDER (ADHD)
Energy Gold with Co-pay,ADULT STILL'S DISEASE
Energy Gold with Co-pay,AGE SPOTS (LIVER SPOTS)
Energy Gold with Co-pay,AGORAPHOBIA
Complete Healthcare Insurance Privilege,ACUTE LYMPHOCYTIC LEUKEMIA
Complete Healthcare Insurance Essential,ACUTE LYMPHOCYTIC LEUKEMIA
Complete Healthcare Insurance Basic,ACUTE LYMPHOCYTIC LEUKEMIA
1 Cr Sum Insured **,AORTIC VALVE REGURGITATION
1 Cr Sum Insured **,AORTIC VALVE STENOSIS
1 Cr Sum Insured **,APHASIA
Activ Assure - Diamond,AORTIC VALVE REGURGITATION
Activ Assure - Diamond,AORTIC VALVE STENOSIS
Activ Assure - Diamond,APHASIA
Activ Health Enhance,AORTIC VALVE REGURGITATION
Activ Health Enhance,AORTIC VALVE STENOSIS
Activ Health Enhance,APHASIA
Activ Health Enhance (Diabetes),AORTIC VALVE REGURGITATION
Activ Health Enhance (Diabetes),AORTIC VALVE STENOSIS
Activ Health Enhance (Diabetes),APHASIA
Activ Health Enhance (Asthma),AORTIC VALVE REGURGITATION
Activ Health Enhance (Asthma),AORTIC VALVE STENOSIS
Activ Health Enhance (Asthma),APHASIA
Activ Health Enhance (Hypertension),AORTIC VALVE REGURGITATION
Activ Health Enhance (Hypertension),AORTIC VALVE STENOSIS
Activ Health Enhance (Hypertension),APHASIA
Activ Assure – Diamond with Super NCB,AORTIC VALVE REGURGITATION
Activ Assure – Diamond with Super NCB,AORTIC VALVE STENOSIS
Activ Assure – Diamond with Super NCB,APHASIA
Activ Assure – Diamond with Unlimited Reload,AORTIC VALVE REGURGITATION
Activ Assure – Diamond with Unlimited Reload,AORTIC VALVE STENOSIS
Activ Assure – Diamond with Unlimited Reload,APHASIA
Activ Assure – Diamond with Super NCB and Unlimited Reload,AORTIC VALVE REGURGITATION
Activ Assure – Diamond with Super NCB and Unlimited Reload,AORTIC VALVE STENOSIS
Activ Assure – Diamond with Super NCB and Unlimited Reload,APHASIA
Medi Classic,ALZHEIMER'S DISEASE
Medi Classic,AMBIGUOUS GENITALIA
Medi Classic,AMENORRHEA
Diabetes Safe Plan-B,ALZHEIMER'S DISEASE
Diabetes Safe Plan-B,AMBIGUOUS GENITALIA
Diabetes Safe Plan-B,AMENORRHEA
Star Comprehensive,ALZHEIMER'S DISEASE
Star Comprehensive,AMBIGUOUS GENITALIA
Star Comprehensive,AMENORRHEA
Diabetes Safe Plan-A,ALZHEIMER'S DISEASE
Diabetes Safe Plan-A,AMBIGUOUS GENITALIA
Diabetes Safe Plan-A,AMENORRHEA
Cancer Care,ALZHEIMER'S DISEASE
Cancer Care,AMBIGUOUS GENITALIA
Cancer Care,AMENORRHEA
Elite Combo,ACUTE SINUSITIS
Elite Combo,ADDISON'S DISEASE
Elite Combo,ADENOMYOSIS
Elite Combo,ADJUSTMENT DISORDERS
Elite Combo,ADNEXAL TUMORS
Elite Combo,ADRENAL CANCER
Elite Combo,ADRENOLEUKODYSTROPHY
Elite Combo,ADULT ATTENTION-DEFICIT/HYPERACTIVITY DISORDER (ADHD)
Elite Combo,ADULT STILL'S DISEASE
Elite,ACUTE SINUSITIS
Elite,ADDISON'S DISEASE
Elite,ADENOMYOSIS
Elite,ADJUSTMENT DISORDERS
Elite,ADNEXAL TUMORS
Elite,ADRENAL CANCER
Elite,ADRENOLEUKODYSTROPHY
Elite,ADULT ATTENTION-DEFICIT/HYPERACTIVITY DISORDER (ADHD)
Elite,ADULT STILL'S DISEASE
Basic,ACUTE SINUSITIS
Basic,ADDISON'S DISEASE
Basic,ADENOMYOSIS
Basic,ADJUSTMENT DISORDERS
Basic,ADNEXAL TUMORS
Basic,ADRENAL CANCER
Basic,ADRENOLEUKODYSTROPHY
Basic,ADULT ATTENTION-DEFICIT/HYPERACTIVITY DISORDER (ADHD)
Basic,ADULT STILL'S DISEASE
Supreme,ACUTE SINUSITIS
Supreme,ADDISON'S DISEASE
Supreme,ADENOMYOSIS
Supreme,ADJUSTMENT DISORDERS
Supreme,ADNEXAL TUMORS
Supreme,ADRENAL CANCER
Supreme,ADRENOLEUKODYSTROPHY
Supreme,ADULT ATTENTION-DEFICIT/HYPERACTIVITY DISORDER (ADHD)
Supreme,ADULT STILL'S DISEASE
E Connect,ACUTE SINUSITIS
E Connect,ADDISON'S DISEASE
E Connect,ADENOMYOSIS
E Connect,ADJUSTMENT DISORDERS
E Connect,ADNEXAL TUMORS
E Connect,ADRENAL CANCER
E Connect,ADRENOLEUKODYSTROPHY
E Connect,ADULT ATTENTION-DEFICIT/HYPERACTIVITY DISORDER (ADHD)
E Connect,ADULT STILL'S DISEASE
Individual Health Guard,ADJUSTMENT DISORDERS
Individual Health Guard,ADNEXAL TUMORS
Individual Health Guard,ADRENAL CANCER
Individual Health Guard,ADRENOLEUKODYSTROPHY
Individual Health Guard,ADULT ATTENTION-DEFICIT/HYPERACTIVITY DISORDER (ADHD)
Individual Health Guard,ADULT STILL'S DISEASE
Individual Health Guard,AGE SPOTS (LIVER SPOTS)
Individual Health Guard,AGORAPHOBIA
Health Ensure,ADJUSTMENT DISORDERS
Health Ensure,ADNEXAL TUMORS
Health Ensure,ADRENAL CANCER
Health Ensure,ADRENOLEUKODYSTROPHY
Health Ensure,ADULT ATTENTION-DEFICIT/HYPERACTIVITY DISORDER (ADHD)
Health Ensure,ADULT STILL'S DISEASE
Health Ensure,AGE SPOTS (LIVER SPOTS)
Health Ensure,AGORAPHOBIA
Click 2 protect health,ACNE
Click 2 protect health,ACOUSTIC NEUROMA
Click 2 protect health,ACROMEGALY
Click 2 protect health,ACTINIC KERATOSIS
Click 2 protect health,ACUTE CORONARY SYNDROME
My:health Suraksha Platinum Smart,ADENOMYOSIS
My:health Suraksha Platinum Smart,ADJUSTMENT DISORDERS
My:health Suraksha Platinum Smart,ADNEXAL TUMORS
My:health Suraksha Platinum Smart,ADRENAL CANCER
My:health Suraksha Platinum Smart,ADRENOLEUKODYSTROPHY
