Doctor_id,Doctor_Name,Comment,User_Name,Posted_On,Comment_Rating
5e32fbf4bd47dab09b777b55,Dr. Swapnil Dharmadhikari,"Consulted Dr.Swapnil Dharmadhikari for Kidney stone problems ,had a fantastic recovery",Amit,10-01-2020,8
5e32fbf4bd47dab09b777b55,Dr. Swapnil Dharmadhikari,"Got treated by Dr.Swapnil Dharmadhikari for head ache problems ,very satisfied with the progress",Shilpa,15-09-2019,6
5e32fbf4bd47dab09b777b55,Dr. Swapnil Dharmadhikari,"Consulted Dr.Swapnil Dharmadhikari for hair loss issues ,the treatment was good",Sheeta Desai,10-10-2019,6
5e32fbf4bd47dab09b777b55,Dr. Swapnil Dharmadhikari,"Consulted Dr.Swapnil Dharmadhikari for Kidney stone problems ,had a fantastic recovery",Rahul Shah,10-07-2018,8
5e32fbf4bd47dab09b777b55,Dr. Swapnil Dharmadhikari,"Consulted Dr.Swapnil Dharmadhikari for Kidney stone problems ,had a fantastic recovery",Abhinav Patil,03-05-2018,10
5e32fbf4bd47dab09b777b55,Dr. Swapnil Dharmadhikari,"Consulted Dr.Swapnil Dharmadhikari for Kidney stone problems ,had a fantastic recovery",Amit Shah,10-04-2018,10
5e32fbf4bd47dab09b777b56,Dr. Siddarth Naik,,,,
5e32fbf4bd47dab09b777b57,Dr. Sujit Korday,,,,
5e32fbf4bd47dab09b777b58,Ms. Parita Shah,,,,
5e32fbf4bd47dab09b777b59,Dr. Shailesh Pandey,,,,
5e32fbf4bd47dab09b777b5a,Dr. Irfan Khan,"Got treated from Dr.Irfan Khan,Great doctor,will surely recommend to all",Priya Bapat,10-02-2020,10
5e32fbf4bd47dab09b777b5a,Dr. Irfan Khan,Amazing treatment of my father by Dr.Irfan Khan,Saurabh Gupta,29-03-2019,8
5e32fbf4bd47dab09b777b5b,Dr. Mohit R Saraogi,,,,0
5e32fbf4bd47dab09b777b5c,Dr. Jyotsna Patel,"Dr.Jyotsna Patel is a very good , I had my son treated for cavities",Dilip Sen,25-01-2020,8
5e32fbf4bd47dab09b777b5c,Dr. Jyotsna Patel,Very good treatment by the doctor for bleeding gums,Keshav Shinde,02-03-2019,8
5e32fbf4bd47dab09b777b5d,Dr. Pravin Gore,,,,
5e32fbf4bd47dab09b777b5e,Dr. Uday B Shetty,My sister was operated by Dr.Shetty after an accident.Perfect treatment and fast recovery,Nana Giri,12-12-2019,10
5e32fbf4bd47dab09b777b5f,Dr. Kaustubh Ravindra Durve,,,,
5e32fbf4bd47dab09b777b60,Dr. Anuj Singh,,,,
5e32fbf4bd47dab09b777b61,Dr. Jalpa Shah   (Physiotherapist),,,,
5e32fbf4bd47dab09b777b62,Dr. Jaishree Sharad,,,,
5e32fbf4bd47dab09b777b63,Ms. Anjum Shaikh,,,,
5e32fbf4bd47dab09b777b64,Dr. Manisha Mehta,,,,
5e32fbf4bd47dab09b777b65,Dr. Rajul S. Parikh,A very professional and ethical doctor doing full justice to the task he carries out. Very competent and friendly.,Neha Parekh,11-11-2019,8
5e32fbf4bd47dab09b777b66,Dr. Prasad Wankhede,,,,
5e32fbf4bd47dab09b777b67,Dr. Neelu Jain   (Physiotherapist),,,,
5e32fbf4bd47dab09b777b68,Dr. Parag Vibhakar,,,,
5e32fbf4bd47dab09b777b69,Dr. Gaurav Kulkarni,,,,
5e32fbf4bd47dab09b777b6a,Dr. Manmohan Kamat,,,,
5e32fbf4bd47dab09b777b6b,Dr. Suresh Jain,"thorough with diagnosis, stresses on lifestyle changes and then prescribes medication",Bapu rao,09-03-2019,8
5e32fbf4bd47dab09b777b6c,Dr. Chandrashekhar Munjewar,,,,
5e32fbf4bd47dab09b777b6d,Dr. Umang Kothari,,,,
5e32fbf4bd47dab09b777b6e,Dr. Chitrang Thaker,,,,
5e32fbf4bd47dab09b777b6f,Dr. Akshata Dorkadi   (Physiotherapist),,,,
5e32fbf4bd47dab09b777b70,Dr. Rupali Sinha,,,,
5e32fbf4bd47dab09b777b71,Dr. Gaurav Jain   (Physiotherapist),,,,
5e32fbf4bd47dab09b777b72,Dr. Uday Khopkar,,,,
5e32fbf4bd47dab09b777b73,Dr. Ameya Sirsat,Even after a confirmed appointment the receptionist denied for consultation. This is highly unprofessional and seems negligent towards one’s time and health. They didn’t even bother to inform a patient until I reached the location.,Parul Patel,05-09-2019,2
5e32fbf4bd47dab09b777b74,Dr. Sandeep Sharma,,,,
5e32fbf4bd47dab09b777b75,Ms. Pooja Sharma,,,,
5e32fbf4bd47dab09b777b76,Dr. Soniya Choithani   (Physiotherapist),,,,
5e32fbf4bd47dab09b777b77,Dr. Arun Sheth,,,,
5e32fbf4bd47dab09b777b78,Dr. Sashikant Parchure,,,,
5e32fbf4bd47dab09b777b79,Dr. Priyam Bhagat,,,,
5e32fbf4bd47dab09b777b7a,Ms. Suruchi Kothari,,,,
5e32fbf4bd47dab09b777b7b,Dr. Amit Bhat,,,,
5e32fbf4bd47dab09b777b7c,Dr. Shruti Purohit,,,,
5e32fbf4bd47dab09b777b7d,Dr. Priyanka Sukthankar   (Physiotherapist),,,,
5e32fbf4bd47dab09b777b7e,Dr. Rajendra Sonavane,,,,
5e32fbf4bd47dab09b777b7f,Dr. Anil Potdar,"I had my aunt operated by Dr.Anil , He is very talented and supportive",Nilesh Parab,10-10-2019,10
5e32fbf4bd47dab09b777b80,Dr. Zeenat Bhalwani,,,,
5e32fbf4bd47dab09b777b81,Dr. Narendra Dedhia,,,,
5e32fbf4bd47dab09b777b82,Dr. Shilpa Shetty Naik,,,,
5e32fbf4bd47dab09b777b83,Dr. Sadhna Shah,,,,
5e32fbf4bd47dab09b777b84,Dr. Udayan palnitkar,,,,
5e32fbf4bd47dab09b777b85,Dr. Roshni Panchal,,,,
5e32fbf4bd47dab09b777b86,Dr. Parag Vibhakar,,,,
5e32fbf4bd47dab09b777b87,Dr. Nirmala Rao,Doctor is result oriented and I am very satisfied with his treatment. She is excellent in her profession.,Manju Rao,11-03-2019,8
5e32fbf4bd47dab09b777b88,Dr. Amit Chavan,,,,
5e32fbf4bd47dab09b777b89,Dr. Shubhada Sanjiv Khandeparkar,,,,
5e32fbf4bd47dab09b777b8a,Dr. Darshan S Gupte,,,,
5e32fbf4bd47dab09b777b8b,Dr. Shivangi Isawe,,,,
5e32fbf4bd47dab09b777b8c,Dr. Kruti Modi,,,,
5e32fbf4bd47dab09b777b8d,Dr. Kaushal Pandey,,,,
5e32fbf4bd47dab09b777b8e,Dr. Rashmi Maruti Hosalkar,,,,
5e32fbf4bd47dab09b777b8f,Dr. Chinmay Nakhwa,,,,
5e32fbf4bd47dab09b777b90,Dr. Hari Chablani,,,,
5e32fbf4bd47dab09b777b91,Dr. Ashim Desai,,,,
5e32fbf4bd47dab09b777b92,Dr. Bhavesh Gohil,,,,
5e32fbf4bd47dab09b777b93,Dr. Ruchira N Goradia,,,,
5e32fbf4bd47dab09b777b94,Dr. Sherin Tresa,,,,
5e32fbf4bd47dab09b777b95,Dr. Gul J. Nankani,,,,
5e32fbf4bd47dab09b777b96,Dr. Deepakk Desai,,,,
5e32fbf4bd47dab09b777b97,Dr. Muffazal Lakdawala,,,,
5e32fbf4bd47dab09b777b98,Dr. Shwetali Satish Pawar   (Physiotherapist),,,,
5e32fbf4bd47dab09b777b99,Dr. Parijat Gupte,Did not have good experience with him.Not recommended,Kajal Bajaj,12-12-2019,2
5e32fbf4bd47dab09b777b9a,Dr. Ankur Phatarpekar,,,,
5e32fbf4bd47dab09b777b9b,Dr. Dimple Jain,She was pretty good about knowing what problem I had. I think she diagnosed also correctly because in a couple of days I was fine I did not have go to follow up also. She was good and also told me to keep her posted on message. I had constant fever and throat pain. Behaviour wise she is good to talk to.,Nancy Fernandez,11-06-2019,10
5e32fbf4bd47dab09b777b9c,Dr. Anand Utture,,,,
5e32fbf4bd47dab09b777b9d,Dr. Swapnil Mate   (Physiotherapist),,,,
5e32fbf4bd47dab09b777b9e,Dr. Nikita Virdiya,,,,
5e32fbf4bd47dab09b777b9f,Dr. Shruti Parkar,,,,
5e32fbf4bd47dab09b777ba0,Dr. Vikas Jain,very kind and friendly. He firstly took time to listen me and understood the problem and gave me the right guidance and medicine prescription. I have full hope that his treatment will definitely cure me. I strongly recommend him for such medical problems.,Rashid Khan,12-12-2018,8
5e32fbf4bd47dab09b777ba1,Dr. Niketa Sonavane,,,,
5e32fbf4bd47dab09b777ba2,Dr. Rashmi Shinde,,,,
5e32fbf4bd47dab09b777ba3,Dr. Ujjvala Jadhav,,,,
5e32fbf4bd47dab09b777ba4,Dr. Trupti Agarwal,,,,
5e32fbf4bd47dab09b777ba5,Dr. Nikhil Dharmadhikari,,,,
5e32fbf4bd47dab09b777ba6,Dr. Deepali Shastri,,,,
5e32fbf4bd47dab09b777ba7,Dr. Sumit Agrawal,,,,
5e32fbf4bd47dab09b777ba8,Dr. Viraj Tambwekare,,,,
5e32fbf4bd47dab09b777ba9,Dr. Anita Gupta,,,,
5e32fbf4bd47dab09b777baa,Dr. Rashmikant Shah,,,,
5e32fbf4bd47dab09b777bab,Dr. Hardik Desai,,,,
5e32fbf4bd47dab09b777bac,Dr. Batul Patel,,,,
5e32fbf4bd47dab09b777bad,Dr. Pallavi Singh   (Physiotherapist),,,,
5e32fbf4bd47dab09b777bae,Dr. Chasanal Rathod,,,,
5e32fbf4bd47dab09b777baf,Dr. Dipanjan Haldar,,,,
5e32fbf4bd47dab09b777bb0,Dr. Ripal K Kotak,,,,
5e32fbf4bd47dab09b777bb1,Dr. Naazneen Ladak,,,,
5e32fbf4bd47dab09b777bb2,Dr. Rekha Sheth,"Consultation experience was good with the doctor. Am quite satisfied with her behaviour and she was quite helpful to make me understand the issue, I am quite happy with that. The medications she suggested were quite helpful to cure the issue. I will recommend the doctor. My experience was good enough.",Richa George,11-01-2019,10
5e32fbf4bd47dab09b777bb3,Dr. Kareeshma Wadia,,,,
5e32fbf4bd47dab09b777bb4,Dr. Tanvi Jha,,,,
5e32fbf4bd47dab09b777bb5,Dr. Amruta Bhalchandra Wadekar,,,,
5e32fbf4bd47dab09b777bb6,Dr. Bhumita Shah,,,,
5e32fbf4bd47dab09b777bb7,Dr. Amit Vora,"Will definitely recommend Dr.Vora, he is the best in his field.",Sheila Pandit,01-01-2019,8
5e32fbf4bd47dab09b777bb8,Dr. Vipul Mehrotra,,,,
5e32fbf4bd47dab09b777bb9,Dr. Hardik Shah,,,,
5e32fbf4bd47dab09b777bba,Dr. Ramona S Thakur,,,,
5e32fbf4bd47dab09b777bbb,Dr. Manish Purohit,,,,
5e32fbf4bd47dab09b777bbc,Dr. Bhumija Gautam Nair,,,,
5e32fbf4bd47dab09b777bbd,Dr. Prakash L. Lulla,,,,
5e32fbf4bd47dab09b777bbe,Dr. Gautam Goel,,,,
5e32fbf4bd47dab09b777bbf,Dr. Amiti Shah,,,,
5e32fbf4bd47dab09b777bc0,Dr. Prajyot Jagtap,,,,
5e32fbf4bd47dab09b777bc1,Dr. Deep B. Parekh,,,,
5e32fbf4bd47dab09b777bc2,Dr. Pooja Ghodke,,,,
5e32fbf4bd47dab09b777bc3,Dr. Manmohan Madan,,,,
5e32fbf4bd47dab09b777bc4,Dr. Mrudul vishanji dharod,,,,
5e32fbf4bd47dab09b777bc5,Dr. Jinendra K Jain,very bad experience. had to wait for 6 hourss inspite of taking prior appointment in Practo app.moreover the fees mentioned in the practo app is not the same as charged to my by the clinic. The reception lady of the clinic was very rude and repulsive. Made snide comments,Suhas,12-01-2020,2
5e32fbf4bd47dab09b777bc6,Dr. Rashmi Mittal,,,,
5e32fbf4bd47dab09b777bc7,Ms. Urvi Vakharia,,,,
5e32fbf4bd47dab09b777bc8,Dr. Shilpa Nayak,,,,
5e32fbf4bd47dab09b777bc9,Dr. Savita S. Naik,,,,
5e32fbf4bd47dab09b777bca,Dr. Vandita Agrawal,,,,
5e32fbf4bd47dab09b777bcb,Ms. Neha Ranglani,,,,
5e32fbf4bd47dab09b777bcc,Dr. Parag Bhalgat,,,,
5e32fbf4bd47dab09b777b7f,Dr. Anil Potdar,"Dr.Potdar is simply superb,my wife got operated for open heart surgery.Grear recovery",Kiran Mehta,27-01-2020,10
5e32fbf4bd47dab09b777b7f,Dr. Anil Potdar,"Very good doctor,has superb reputation.Our famliy had a great experience with him",Leena Joshi,11-11-2019,8
5e32fbf4bd47dab09b777b7f,Dr. Anil Potdar,We consulted Dr.Potdar for my brother's surgery.He is very very good,Shailesh Advani,09-10-2020,10
5e32fbf4bd47dab09b777b7f,Dr. Anil Potdar,"Superb doctor,fantastic diagnosis",Vishal Kamat,29-11-2019,10
5e32fbf4bd47dab09b777bcd,Dr. Haresh Mehta,,,,
5e32fbf4bd47dab09b777bce,Ms. Sayli Anavkar,,,,
5e32fbf4bd47dab09b777bcf,Ms. Priti Khatu,,,,
5e32fbf4bd47dab09b777bd0,Dr. Anil Saxena,,,,
5e32fbf4bd47dab09b777bd1,Dr. Sudhir Naik,,,,
5e32fbf4bd47dab09b777bd2,Dr. Keyur Mehta,,,,
5e32fbf4bd47dab09b777bd3,Dr. Monica Goel,,,,
5e32fbf4bd47dab09b777bd4,Dr. Amit Bhalotia,,,,
5e32fbf4bd47dab09b777bd5,Dr. Akshay Shah,,,,
5e32fbf4bd47dab09b777bd6,Dr. Khushee Agrawal,Dr.Khushi has the perfect treatment and very low cost ,Yatin Salunkhe,22-01-2019,8
5e32fbf4bd47dab09b777bd7,Dr. Diksha Tahilramani Batra,,,,
5e32fbf4bd47dab09b777bd8,Dr. Satish Gala,He is by far the best Homeopath.My whole family visits him problems big or small,Sachin Pawar,10-01-2020,10
5e32fbf4bd47dab09b777bd9,Dr. Sana Bhamla Khan,,,,
5e32fbf4bd47dab09b777bda,Dr. Rajesh Thakkar,,,,
5e32fbf4bd47dab09b777bdb,Dr. Prasad Rane,,,,
5e32fbf4bd47dab09b777bdc,Dr. Jagat Shah,,,,
5e32fbf4bd47dab09b777bdd,Dr. Rajendra Saraogi,,,,
5e32fbf4bd47dab09b777bde,Dr. Priyanka Thukral Mahajan,,,,
5e32fbf4bd47dab09b777bdf,Dr. Sujata Surana,,,,
5e32fbf4bd47dab09b777be0,Dr. Sanjeev V. Mulekar,,,,
5e32fbf4bd47dab09b777be1,Dr. Paresh C. Trivedi,,,,
5e32fbf4bd47dab09b777be2,Dr. Reshma Palep,,,,
5e32fbf4bd47dab09b777be3,Dr. Nilesh Nolkha,,,,
5e32fbf4bd47dab09b777be4,Dr. Sadhna Shah,,,,
5e32fbf4bd47dab09b777be5,Dr. Roopa Prasad,,,,
5e32fbf4bd47dab09b777be6,Dr. Santosh Kumar Dora,,,,
5e32fbf4bd47dab09b777be7,Dr. Snehal Kothari,,,,
5e32fbf4bd47dab09b777be8,Dr. Hemali Virani Kotadia,,,,
5e32fbf4bd47dab09b777be9,Dr. Swati Garekar,,,,
5e32fbf4bd47dab09b777bea,Dr. Ashish Vijay Bakshi,,,,
5e32fbf4bd47dab09b777beb,Dr. Kapil Mohan,,,,
5e32fbf4bd47dab09b777bec,Dr. Viraj Kakade,,,,
5e32fbf4bd47dab09b777bed,Dr. Darshan Hiralal Vora,,,,
5e32fbf4bd47dab09b777bee,Dr. Shilpa Mittal,,,,
5e32fbf4bd47dab09b777bef,Dr. Abhijit  Jadhav,he explains it so well and his medicine works must visit this doc if u are diabatic you will surely recover .I can just say he has saved my dads life as his all reports were bad and now its come to all normal .,Dinesh Sutar,07-02-2020,10
5e32fbf4bd47dab09b777bf0,Dr. Ajit Krishna Shetty,Doctor is very comfortable to talk to and is very polite. Took prescribed medication and it has helped me to heal.,Yash Shah,11-02-2020,10
5e32fbf4bd47dab09b777bf1,Dr. Sameeksha Dubey,,,,
5e32fbf4bd47dab09b777bf2,Dr. Aditi Singhi,,,,
5e32fbf4bd47dab09b777bf3,Dr. Nilesh Gautam,,,,
5e32fbf4bd47dab09b777bf4,Dr. Hitesh Shah,,,,
5e32fbf4bd47dab09b777bf5,Dr. Aniruddh Trivedi,,,,
5e32fbf4bd47dab09b777bf6,Dr. Farhana Shah   (Physiotherapist),,,,
5e32fbf4bd47dab09b777bf7,Dr. Swapnesh  Sawant,,,,
5e32fbf4bd47dab09b777bf8,Dr. Jyoti Narla,,,,
5e32fbf4bd47dab09b777bf9,Dr. Gayatri Bharadwaj,,,,
5e32fbf4bd47dab09b777bfa,Dr. Shilpa Abhyankar,,,,
5e32fbf4bd47dab09b777bfb,Dr. Rituja Punde,,,,
5e32fbf4bd47dab09b777bfc,Ms. Prachi Managute,,,,
5e32fbf4bd47dab09b777bfd,Dr. Anagha Patwardhan,,,,
5e32fbf4bd47dab09b777bfe,Dr. Kunal Patel,,,,
5e32fbf4bd47dab09b777bff,Dr. Tilak Suvarna,"DrTilak has perfect disgnosis of the issues,very talented.Best in Mumbai",Shivaji Rao,12-10-2019,8
5e32fbf4bd47dab09b777c00,Dr. Divya Sharma   (Physiotherapist),,,,
5e32fbf4bd47dab09b777c01,Dr. Suhas Vidyadhar Abhyankar,,,,
5e32fbf4bd47dab09b777c02,Dr. Kapil Mohan,,,,
5e32fbf4bd47dab09b777c03,Dr. Fahad Naaz,,,,
5e32fbf4bd47dab09b777c04,Dr. Divya A. Sahetya,,,,
5e32fbf4bd47dab09b777c05,Dr. Suresh Isawe,,,,
5e32fbf4bd47dab09b777c06,Dr. Aditi Agrawal,,,,
5e32fbf4bd47dab09b777c07,Dr. Mihir Kothari,,,,
5e32fbf4bd47dab09b777c08,Dr. Sanket Mehta,,,,
5e32fbf4bd47dab09b777c09,Dr. Ajay Bajaj,,,,
5e32fbf4bd47dab09b777c0a,Dr. Mahesh Prasad,,,,
5e32fbf4bd47dab09b777c0b,Dr. Swati Allahbadia,,,,
5e32fbf4bd47dab09b777c0c,Dr. Kiran C Mhatre,,,,
5e32fbf4bd47dab09b777c0d,Dr. Shweta Raje,,,,
5e32fbf4bd47dab09b777c0e,Dr. Rekha Sheth,,,,
5e32fbf4bd47dab09b777c0f,Dr. Hemali Patil   (Physiotherapist),,,,
5e32fbf4bd47dab09b777c10,Dr. Akshay Jain,,,,
5e32fbf4bd47dab09b777c11,Dr. Tanuja Uchil,,,,
5e32fbf4bd47dab09b777c12,Dr. Kshama P Vibhakar,,,,
5e32fbf4bd47dab09b777c13,Dr. Vishwanath Iyer,,,,
5e32fbf4bd47dab09b777c14,Dr. Chitralekha Rane,,,,
5e32fbf4bd47dab09b777c15,Dr. Pradnya Shastri,,,,
5e32fbf4bd47dab09b777c16,Dr. Sanjana.A,,,,
5e32fbf4bd47dab09b777c17,Dr. Viren Puri,,,,
5e32fbf4bd47dab09b777c18,Dr. Aashish Tiwari,,,,
5e32fbf4bd47dab09b777c19,Dr. Rashmi Navelkar,,,,
5e32fbf4bd47dab09b777c1a,Dr. Riddhi Gandhi Shah,,,,
5e32fbf4bd47dab09b777c1b,Dr. Kishore Manek,,,,
5e32fbf4bd47dab09b777c1c,Dr. Hemlata Hardasani,,,,
5e32fbf4bd47dab09b777bff,Dr. Tilak Suvarna,"Best doctor for cardiology,had my sister treated last month",Ananya Shroff,10-02-2020,10
5e32fbf4bd47dab09b777bff,Dr. Tilak Suvarna,Very reputed and skilled in cardiology,Amruta Shah,25-06-2019,10
5e32fbf4bd47dab09b777c1d,Dr. Rajdeep Agarwal,,,,
5e32fbf4bd47dab09b777c1e,Dr. Parag M. Khatri,,,,
5e32fbf4bd47dab09b777c1f,Dr. Dilip Murarkar,,,,
5e32fbf4bd47dab09b777c20,Dr. Ishwari Bhirud,,,,
5e32fbf4bd47dab09b777c21,Dr. D.G. Saple,,,,
5e32fbf4bd47dab09b777c22,Dr. Nandini Joshi,,,,
5e32fbf4bd47dab09b777c23,Dr. Priyanka Basu,,,,
5e32fbf4bd47dab09b777c24,Dr. Miral Patel,,,,
5e32fbf4bd47dab09b777c25,Dr. Srinivas L,,,,
5e32fbf4bd47dab09b777c26,Dr. Hemang Parekh,,,,
5e32fbf4bd47dab09b777c27,Dr. Raju Sahetya,,,,
5e32fbf4bd47dab09b777c28,Dr. Sachin Pahade,,,,
5e32fbf4bd47dab09b777c29,Dr. Manish Kachhara,,,,
5e32fbf4bd47dab09b777c2a,Dr. Rakesh Sorathia,,,,
5e32fbf4bd47dab09b777c2b,Dr. Shabbir Suterwala,,,,
5e32fbf4bd47dab09b777c2c,Dr. Shailesh Pandey,,,,
5e32fbf4bd47dab09b777c2d,Dr. Ambardekar Shekhar Shriram,,,,
5e32fbf4bd47dab09b777c2e,Dr. Jayesh Sheth,,,,
5e32fbf4bd47dab09b777c2f,Dr. Ishita Sheth   (Physiotherapist),,,,
5e32fbf4bd47dab09b777c30,Dr. Shoaib Padaria Fakhruddin,,,,
5e32fbf4bd47dab09b777c31,Dr. Kiran Katkar,,,,
5e32fbf4bd47dab09b777c32,Dr. Kuldeep Singh Sandu,,,,
5e32fbf4bd47dab09b777c33,Dr. Gul J. Nankani,,,,
5e32fbf4bd47dab09b777c34,Dr. Nikhil Nasta,,,,
5e32fbf4bd47dab09b777c35,Dr. Prachi Pandya,,,,
5e32fbf4bd47dab09b777c36,Dr. Rangnath Jhawar,,,,
5e32fbf4bd47dab09b777c37,Ms. Malika Kabra Rathi,,,,
5e32fbf4bd47dab09b777c38,Dr. Vandana Krishna Gawde,,,,
5e32fbf4bd47dab09b777c39,Dr. Yajuvendra Gawai,,,,
5e32fbf4bd47dab09b777c3a,Ms. Sneha Saklecha,,,,
5e32fbf4bd47dab09b777c3b,Dr. Pooja Singit,,,,
5e32fbf4bd47dab09b777c3c,Dr. Jayanti Kamat,,,,
5e32fbf4bd47dab09b777c3d,Dr. Samir Parekh,,,,
5e32fbf4bd47dab09b777c3e,Dr. Sunita Jonwal,,,,
5e32fbf4bd47dab09b777c3f,Dr. Parul Sugandhi,,,,
5e32fbf4bd47dab09b777c40,Dr. Abhay Krushnarao Tidke,,,,
5e32fbf4bd47dab09b777c41,Dr. Satish Puranik,,,,
5e32fbf4bd47dab09b777c42,Dr. Priyal Gala,,,,
5e32fbf4bd47dab09b777c43,Dr. Prashant Kini,,,,
5e32fbf4bd47dab09b777c44,Dr. Lubaina Tapia,,,,
5e32fbf4bd47dab09b777c45,Ms. Meenakshi Sharma,,,,
5e32fbf4bd47dab09b777c46,Dr. Ketan Badani,,,,
5e32fbf4bd47dab09b777c47,Dr. Ankesh Sahetya,,,,
5e32fbf4bd47dab09b777c48,Dr. Rushikesh Patil,,,,
5e32fbf4bd47dab09b777c49,Dr. Meeta Malik,,,,
5e32fbf4bd47dab09b777c4a,Dr. Ranjan Burnwal,,,,
5e32fbf4bd47dab09b777c4b,Dr. Dilip Raja,,,,
5e32fbf4bd47dab09b777c4c,Dr. Mansi Sanghvi,,,,
5e32fbf4bd47dab09b777c4d,Dr. Nikhil Surana,,,,
5e32fbf4bd47dab09b777c4e,Dr. Minita Mehta Solanki   (Physiotherapist),,,,
5e32fbf4bd47dab09b777c4f,Dr. Laila Rajesh Dave,,,,
5e32fbf4bd47dab09b777c50,Ms. Nisha Bajaj,,,,
5e32fbf4bd47dab09b777c51,Dr. Varsha Degwekar,,,,
5e32fbf4bd47dab09b777c52,Dr. Prashant Kewle,,,,
5e32fbf4bd47dab09b777c53,Dr. Roli Dave   (Physiotherapist),,,,
5e32fbf4bd47dab09b777c54,Dr. Hitesh Shah,,,,
5e32fbf4bd47dab09b777c55,Dr. Keerti Sachdeva   (PhD),"Dr Keerti was supervising the students at the Holy School,perfect doctor,superb results",Anna Dsouza,01-12-2019,10
5e32fbf4bd47dab09b777c56,Dr. Susan Fernandes,,,,
5e32fbf4bd47dab09b777c57,Dr. Suhasini Sukumar,,,,
5e32fbf4bd47dab09b777c58,Dr. Aparna Hegde,,,,
5e32fbf4bd47dab09b777c59,Dr. Gautam Nadkarni,,,,
5e32fbf4bd47dab09b777c5a,Dr. Rakhee Sahu,,,,
5e32fbf4bd47dab09b777c5b,Dr. Apeksha Anand,,,,
5e32fbf4bd47dab09b777c5c,Dr. Dhruti Raut Chavan,,,,
5e32fbf4bd47dab09b777c5d,Dr. Tarana Malick,,,,
5e32fbf4bd47dab09b777c5e,Dr. Vinod Rambal,,,,
5e32fbf4bd47dab09b777c5f,Dr. Darshana R Bhuta,,,,
5e32fbf4bd47dab09b777c60,Dr. Hardeek Ghundiyal,,,,
5e32fbf4bd47dab09b777c61,Dr. Chetan Shah,,,,
5e32fbf4bd47dab09b777c62,Dr. Pradeep Shenoy,,,,
5e32fbf4bd47dab09b777c63,Dr. Prashanth Rao,,,,
5e32fbf4bd47dab09b777c64,Dr. Boskey A Panikar,,,,
5e32fbf4bd47dab09b777c65,Dr. Sushant Shinde,,,,
5e32fbf4bd47dab09b777c66,Dr. Mandar S Patwardhan,,,,
5e32fbf4bd47dab09b777c67,Dr. Sonia Tekchandani,,,,
5e32fbf4bd47dab09b777c68,Dr. Arjun Panikar,,,,
5e32fbf4bd47dab09b777c69,Dr. Anand Narla,,,,
5e32fbf4bd47dab09b777c6a,Dr. Mohit Shah,,,,
5e32fbf4bd47dab09b777c6b,Dr. A. Kumar,,,,
5e32fbf4bd47dab09b777c6c,Dr. Manali Pathak,,,,
5e32fbf4bd47dab09b777c6d,Dr. Aditya Pathak,,,,
5e32fbf4bd47dab09b777c6e,Dr. Abhishek Wadkar,,,,
5e32fbf4bd47dab09b777c6f,Dr. Rajesh Shetty,,,,
5e32fbf4bd47dab09b777c70,Dr. Kamlesh Bhagat,,,,
5e32fbf4bd47dab09b777c71,Dr. Siddharth Prakash,,,,
5e32fbf4bd47dab09b777c72,Dr. Nishant Gandhi,,,,
5e32fbf4bd47dab09b777c73,Dr. Poonam Parekh,,,,
5e32fbf4bd47dab09b777c74,Dr. Namrata Prabhudesai,,,,
5e32fbf4bd47dab09b777c75,Dr. Snehal Thakkar,,,,
5e32fbf4bd47dab09b777c76,Dr. Nanda R Kumar,,,,
5e32fbf4bd47dab09b777c77,Dr. Hemal Bhagat,,,,
5e32fbf4bd47dab09b777c78,Ms. Nipa Sanghavi,,,,
5e32fbf4bd47dab09b777c79,Dr. Mansi Jajal,,,,
5e32fbf4bd47dab09b777c7a,Dr. Ajay Rathod,,,,
5e32fbf4bd47dab09b777c7b,Dr. Fauzia Khimani Naaz,,,,
5e32fbf4bd47dab09b777c7c,Dr. Pallavi Rathi,,,,
5e32fbf4bd47dab09b777c7d,Dr. Amit Sahu,,,,
5e32fbf4bd47dab09b777c7e,Dr. Sadhana Deshmukh,,,,
5e32fbf4bd47dab09b777c7f,Dr. Shrikant Badwe,,,,
5e32fbf4bd47dab09b777c80,Dr. Kalyani Nair,,,,
5e32fbf4bd47dab09b777c81,Dr. Shradha Goel,,,,
5e32fbf4bd47dab09b777c82,Dr. Ashish Agarwal,,,,
5e32fbf4bd47dab09b777c83,Dr. Ganesh Kini,,,,
5e32fbf4bd47dab09b777c84,Dr. Sanket Mehta,,,,
5e32fbf4bd47dab09b777c85,Dr. Devika Chopra,,,,
5e32fbf4bd47dab09b777c86,Dr. Dineshchandra  Goradia,,,,
5e32fbf4bd47dab09b777c87,Dr. Sambit Patnaik,,,,
5e32fbf4bd47dab09b777c88,Dr. Kunal Mehta,,,,
5e32fbf4bd47dab09b777c89,Dr. Urvi Ashar,,,,
5e32fbf4bd47dab09b777c8a,Dr. Nikhil Agrawal,,,,
5e32fbf4bd47dab09b777c8b,Dr. Sandeep Patel,,,,
5e32fbf4bd47dab09b777c8c,Dr. Shrirang S Yadwadkar,,,,
5e32fbf4bd47dab09b777c8d,Dr. A. K. Tandon,,,,
5e32fbf4bd47dab09b777c8e,Dr. Rati Chadha,,,,
5e32fbf4bd47dab09b777c8f,Dr. Amit Prabhakar Maydeo,,,,
5e32fbf4bd47dab09b777c90,Dr. Anil Heroor,,,,
5e32fbf4bd47dab09b777c91,Dr. Rajul S. Parikh,,,,
5e32fbf4bd47dab09b777c92,Dr. Jiten Chowdhry,,,,
5e32fbf4bd47dab09b777c93,Dr. Keyur Mehta,,,,
5e32fbf4bd47dab09b777c94,Dr. Bakar Ali Kadiwala,,,,
5e32fbf4bd47dab09b777c95,Dr. Shilpa Bansal,,,,
5e32fbf4bd47dab09b777c96,Dr. Harin Vyas,,,,
5e32fbf4bd47dab09b777c97,Dr. Zakia Khan,,,,
5e32fbf4bd47dab09b777c98,Dr. Shikha Shah,,,,
5e32fbf4bd47dab09b777c99,Dr. Urmi. M Satiya,,,,
5e32fbf4bd47dab09b777c9a,Dr. Rusy Bhalla,"Dr.Bhalla is one of the best surgeons,my neighbour was treated by him for severe burns",Mrunal Thakur,10-09-2019,10
5e32fbf4bd47dab09b777c9b,Dr. Kartik Srinivasan,,,,
5e32fbf4bd47dab09b777c9c,Dr. Varsha R. Shirvekar,,,,
5e32fbf4bd47dab09b777c9d,Dr. Vijay Vishwanathan,,,,
5e32fbf4bd47dab09b777c9e,Dr. Gaurang Shukla   (Physiotherapist),,,,
5e32fbf4bd47dab09b777c9f,Dr. Chinmay Shah,,,,
5e32fbf4bd47dab09b777ca0,Dr. Sonia G. Nankani,,,,
5e32fbf4bd47dab09b777ca1,Dr. Sadhna Shah,,,,
5e32fbf4bd47dab09b777ca2,Dr. Sundeep Amberkarle,,,,
5e32fbf4bd47dab09b777c9a,Dr. Rusy Bhalla,Rusy Bhalla is a great surgeon and we had our brother operated for appendix,Bobby Mewani,11-01-2020,8
5e32fbf4bd47dab09b777c9a,Dr. Rusy Bhalla,Great doctor.The best.,Ria Mujumdar,01-11-2019,10
5e32fbf4bd47dab09b777ca3,Dr. Pankaj Joshi,,,,
5e32fbf4bd47dab09b777ca4,Dr. Pritesh Punjabi,,,,
5e32fbf4bd47dab09b777ca5,Dr. Manish Sharma,,,,
5e32fbf4bd47dab09b777ca6,Dr. Kukreja A. Kalani,,,,
5e32fbf4bd47dab09b777ca7,Dr. Adnan Badr   (Physiotherapist),,,,
5e32fbf4bd47dab09b777ca8,Dr. Manish Singh   (Physiotherapist),,,,
5e32fbf4bd47dab09b777ca9,Dr. Siddharth Prakash,,,,
5e32fbf4bd47dab09b777caa,Dr. Suresh Sankla,,,,
5e32fbf4bd47dab09b777cab,Dr. Shruti Bhave Joshi   (Physiotherapist),,,,
5e32fbf4bd47dab09b777cac,Ms. Meenal Mishra,We had our nephew treated under supervision of Dr.Mishra.Very good at her work,Sanjay Khemani,11-11-2018,8
5e32fbf4bd47dab09b777cad,Dr. Mukund Jaganathan,,,,
5e32fbf4bd47dab09b777cae,Dr. Aslam Inamdar,,,,
5e32fbf4bd47dab09b777caf,Dr. Laxman G. Jonwal,,,,
5e32fbf4bd47dab09b777cb0,Dr. Varun Shanbhag   (Physiotherapist),,,,
5e32fbf4bd47dab09b777cb1,Dr. Pankaj Shroff,,,,
5e32fbf4bd47dab09b777cb2,Dr. Raashi Mehta,,,,
5e32fbf4bd47dab09b777cb3,Dr. Gautam Nadkarni,,,,
5e32fbf4bd47dab09b777cb4,Dr. Ravindra Hodarkar,,,,
5e32fbf4bd47dab09b777cb5,Dr. Vinod C Mehta,,,,
5e32fbf4bd47dab09b777cb6,Dr. Rajshree Chavan,,,,
5e32fbf4bd47dab09b777cb7,Dr. Neetu Jetwani,,,,
5e32fbf4bd47dab09b777cb8,Dr. Deepak Garg,,,,
5e32fbf4bd47dab09b777cb9,"Ms. Smita Nanda, RD",,,,
5e32fbf4bd47dab09b777cba,Dr. Ganesh Kumar A.V,,,,
5e32fbf4bd47dab09b777cbb,Dr. Sana Bhamla Khan,,,,
5e32fbf4bd47dab09b777cbc,Dr. Suresh Vijan,,,,
5e32fbf4bd47dab09b777cbd,Dr. Rajesh Shah,,,,
5e32fbf4bd47dab09b777cbe,Dr. Ashlesha B Chaudhary,,,,
5e32fbf4bd47dab09b777cbf,Dr. Sanjay Bakhshi   (Physiotherapist),,,,
5e32fbf4bd47dab09b777cc0,Dr. Charmi Mehta,,,,
5e32fbf4bd47dab09b777cc1,Dr. Shilpa Shah Gohil,,,,
5e32fbf4bd47dab09b777cc2,Dr. Santosh Shetty,,,,
5e32fbf4bd47dab09b777cc3,Dr. Saachi Shingrani,,,,
5e32fbf4bd47dab09b777cc4,Dr. Kirti Khopkar.,,,,
5e32fbf4bd47dab09b777cc5,Dr. Neetu Asher,,,,
5e32fbf4bd47dab09b777cc6,Dr. Arpit C Dave,,,,
5e32fbf4bd47dab09b777cc7,Dr. Sonal H. Sanghavi,,,,
5e32fbf4bd47dab09b777cc8,Dr. Menaz Thakkar,,,,
5e32fbf4bd47dab09b777cc9,Dr. Hemant Bhandari,,,,
5e32fbf4bd47dab09b777cca,Dr. Naman Hiralal Vora,,,,
5e32fbf4bd47dab09b777ccb,Dr. Venkateshwaran N,,,,
5e32fbf4bd47dab09b777ccc,Dr. Latika Chawla,,,,
5e32fbf4bd47dab09b777ccd,Dr. Aditya Nair,,,,
5e32fbf4bd47dab09b777cce,Dr. Vivek Salunke,,,,
5e32fbf4bd47dab09b777ccf,Dr. Yogen Chheda,,,,
5e32fbf4bd47dab09b777cd0,Dr. Mohit Solanki,,,,
5e32fbf4bd47dab09b777cd1,Dr. Sachin Wani,Dr Wani is definitely very good and highly recommended,Akruti Dalal,11-01-2020,10
5e32fbf4bd47dab09b777cd2,Dr. Rutuja Lalingkar   (Physiotherapist),,,,
5e32fbf4bd47dab09b777cd3,Dr. Nishi Bajaj,Dr.Nishi treated me after severe damage to my molars.Very good treatment,Anita Dongre,02-01-2020,10
5e32fbf4bd47dab09b777cd4,Dr. Zinal,,,,
5e32fbf4bd47dab09b777cd5,Ms. Richa Anand,,,,
5e32fbf4bd47dab09b777cd6,Dr. Ashwini Bhalerao,,,,
5e32fbf4bd47dab09b777cd7,Dr. Sanjay Borude,,,,
5e32fbf4bd47dab09b777cd8,Dr. Tasneem S Bulsara,,,,
5e32fbf4bd47dab09b777cd9,Dr. Aditya Nair,,,,
5e32fbf4bd47dab09b777cda,Dr. Shyam Mithiya,,,,
5e32fbf4bd47dab09b777cdb,Dr. Shyam Mithiya,,,,
5e32fbf4bd47dab09b777cdc,Dr. Pankaj Gandhi,,,,
5e32fbf4bd47dab09b777cdd,Dr. Niveditha Moulik,,,,
5e32fbf4bd47dab09b777cde,Dr. Manisha Mehta,,,,
5e32fbf4bd47dab09b777cdf,Dr. Adhye,,,,
5e32fbf4bd47dab09b777ce0,Ms. Sarika nair,,,,
5e32fbf4bd47dab09b777ce1,Dr. Ambika Arora,,,,
5e32fbf4bd47dab09b777ce2,Dr. Anil Bradoo,,,,
5e32fbf4bd47dab09b777ce3,Dr. Ila Tyagi,,,,
5e32fbf4bd47dab09b777ce4,Dr. Mukund Andakar,,,,
5e32fbf4bd47dab09b777ce5,Dr. Shalomith Uppapalli,,,,
5e32fbf4bd47dab09b777ce6,Dr. Pradnya Randive,,,,
5e32fbf4bd47dab09b777ce7,Dr. Vindhya Raparla,,,,
5e32fbf4bd47dab09b777ce8,Dr. Prakash Sanzgiri,,,,
5e32fbf4bd47dab09b777ce9,Dr. Y A Matcheswalla,,,,
5e32fbf4bd47dab09b777cea,Dr. Neha R Shah,,,,
5e32fbf4bd47dab09b777ceb,Dr. Prajakta Vaidya,,,,
5e32fbf4bd47dab09b777cec,Dr. Aarti Agarwal,"I consulted with her amongst all I have visited, I only got relief when I consulted her. She really understands the patient in and out and then only she takes the decisions that’s the best thing a doctor can have. I was diagnosed with dengue so I consulted the doctor. I would recommend the doctor to my family and friends. I am satisfied with the treatment given by the doctor.",Sri Kamat,11-01-2019,8
5e32fbf4bd47dab09b777ced,Dr. Bhaskar Semitha,,,,
5e32fbf4bd47dab09b777cee,Dr. Prajakta A Gokhale,,,,
5e32fbf4bd47dab09b777cef,Dr. Atul Limaye,,,,
5e32fbf4bd47dab09b777cf0,Dr. Chinmaya Sahu,,,,
5e32fbf4bd47dab09b777cf1,Dr. Pradeep Shriyan,,,,
5e32fbf4bd47dab09b777cf2,Dr. Binhi Desai,,,,
5e32fbf4bd47dab09b777cf3,Dr. Sanket Pisat,,,,
5e32fbf4bd47dab09b777cf4,Dr. Niraj Jha   (Physiotherapist),,,,
5e32fbf4bd47dab09b777cf5,Dr. Janhvi Vayada   (Physiotherapist),,,,
5e32fbf4bd47dab09b777cf6,Dr. Siddharth V Mehta,,,,
5e32fbf4bd47dab09b777cf7,Dr. Nrupal Kothare,,,,
5e32fbf4bd47dab09b777cf8,Dr. Gaurav Nitin Chaubal,,,,
5e32fbf4bd47dab09b777cf9,Dr. Veena G. Shinde,,,,
5e32fbf4bd47dab09b777cfa,Dr. Suchita Pisat,,,,
5e32fbf4bd47dab09b777cfb,Dr. Urmi Shah,,,,
5e32fbf4bd47dab09b777cfc,Dr. Anirudhha Gokhale,,,,
5e32fbf4bd47dab09b777cfd,Dr. Chetan Shah,,,,
5e32fbf4bd47dab09b777cfe,Dr. Hasmukh Ravat,,,,
5e32fbf4bd47dab09b777cff,Dr. Jatin Ashar,,,,
5e32fbf4bd47dab09b777d00,Dr. Zubeda Tumbi   (PhD),,,,
5e32fbf4bd47dab09b777d01,Dr. Anwar Khan,,,,
5e32fbf4bd47dab09b777d02,Dr. Praveen Kulkarni,,,,
5e32fbf4bd47dab09b777d03,Dr. Prasad Chaudhari,,,,
5e32fbf4bd47dab09b777d04,Dr. Rahul P. Shah,,,,
5e32fbf4bd47dab09b777d05,Dr. Avais Pathan,We were to Dr.Pathan by our friend and we were be very happy with his results,Priya Joseph,11-01-2020,6
5e32fbf4bd47dab09b777d06,Dr. Amit Bhagwan Thadhani,,,,
5e32fbf4bd47dab09b777d07,Dr. Priti Trivedi,,,,
5e32fbf4bd47dab09b777d08,Dr. Gayatri Deshpande,,,,
5e32fbf4bd47dab09b777d09,Dr. Gopal Patil,,,,
5e32fbf4bd47dab09b777d0a,Dr. Nitin Goradia,,,,
5e32fbf4bd47dab09b777d0b,Dr. P A Kale,,,,
5e32fbf4bd47dab09b777d0c,Dr. Milind More,,,,
5e32fbf4bd47dab09b777d0d,Dr. Riddhi Gandhi Shah,,,,
5e32fbf4bd47dab09b777d0e,Dr. Nishikant Borse,,,,
5e32fbf4bd47dab09b777d0f,Dr. Ramesh Patel,,,,
5e32fbf4bd47dab09b777d10,Dr. Amit Shah,,,,
5e32fbf4bd47dab09b777d11,Dr. Himanshu Mehta,,,,
5e32fbf4bd47dab09b777d12,Ms. Rajvi Sheth,,,,
5e32fbf4bd47dab09b777d13,Dr. Kiran Shandilya,,,,
5e32fbf4bd47dab09b777d14,Dr. Shah Suresh Fulchand,,,,
5e32fbf4bd47dab09b777d15,Dr. Manish Singh   (Physiotherapist),,,,
5e32fbf4bd47dab09b777d16,Dr. Ashwini Renganathan   (Physiotherapist),,,,
5e32fbf4bd47dab09b777d17,Dr. Marionette B Pereira,Doctor was very kind and patient. She took time to hear the issues and explain the medication she prescribed.,Rocky Albert,10-01-2020,10
5e32fbf4bd47dab09b777d18,Dr. Shefali Parikh,,,,
5e32fbf4bd47dab09b777d19,Dr. Sushrut Save,,,,
5e32fbf4bd47dab09b777d1a,Dr. Reshma Phulwar,,,,
5e32fbf4bd47dab09b777d1b,Dr. Ketki Trivedi,,,,
5e32fbf4bd47dab09b777d1c,Dr. Shruti Chavan,,,,
5e32fbf4bd47dab09b777d1d,Dr. Hemant Brahme,,,,
5e32fbf4bd47dab09b777d1e,Dr. Biswajeet Naidu,,,,
5e32fbf4bd47dab09b777d1f,Dr. Charmi D. Parekh,,,,
5e32fbf4bd47dab09b777d20,Dr. Nilesha Chitre,,,,
5e32fbf4bd47dab09b777d21,Dr. Girish Shetake,,,,
5e32fbf4bd47dab09b777d22,Dr. Jatin Choksi,,,,
5e32fbf4bd47dab09b777d23,Dr. Santosh Pandey,Dr Pandey absolutely resolved my back pain with his treatments,Anil Tokas,10-11-2019,10
5e32fbf4bd47dab09b777d24,Dr. Ramakanta Panda,"Dr.Panda is the best cardiac surgeon,very effective treatment ",William Jacob,04-05-2019,8
5e32fbf4bd47dab09b777d25,Dr. Abhijit Joshi,,,,
5e32fbf4bd47dab09b777d26,Dr. Kanika Agrawal,,,,
5e32fbf4bd47dab09b777d27,Dr. G. Sundaram,,,,
5e32fbf4bd47dab09b777d28,Dr. Vijay D'Silva,,,,
5e32fbf4bd47dab09b777d29,Dr. Siddharth S. Mishra   (Physiotherapist),,,,
5e32fbf4bd47dab09b777d2a,Dr. Vimal J.Pahuja,,,,
5e32fbf4bd47dab09b777d2b,Dr. Mallika Tewari,,,,
5e32fbf4bd47dab09b777d2c,Dr. Vikas Jain,,,,
5e32fbf4bd47dab09b777d2d,Ms. Himani Mittal,,,,
5e32fbf4bd47dab09b777d2e,Dr. Yuvaraja S Shetty,,,,
5e32fbf4bd47dab09b777d2f,Dr. Sanjay Mehta,,,,
5e32fbf4bd47dab09b777d30,Dr. Dhananjay Padwal   (Physiotherapist),,,,
5e32fbf4bd47dab09b777d31,Dr. Darshana Gadgil,,,,
5e32fbf4bd47dab09b777d32,Dr. Jagdip Shah,,,,
5e32fbf4bd47dab09b777d33,Dr. Shailendra Patil,,,,
5e32fbf4bd47dab09b777d34,Dr. Bella Jagtap Palnitkar,,,,
5e32fbf4bd47dab09b777d35,Dr. Ajay Doiphode,,,,
5e32fbf4bd47dab09b777d36,Dr. Sharda Arvind,,,,
5e32fbf4bd47dab09b777d37,Dr. Mary Grace Dakey,,,,
5e32fbf4bd47dab09b777d38,Dr. Dhara Shah   (Physiotherapist),,,,
5e32fbf4bd47dab09b777d39,Dr. Fauzia Khimani Naaz,,,,
5e32fbf4bd47dab09b777d3a,Dr. Anjali Mhatre,,,,
5e32fbf4bd47dab09b777d3b,Dr. Farida Modi,,,,
5e32fbf4bd47dab09b777d3c,Dr. Ajay Thaker,,,,
5e32fbf4bd47dab09b777d3d,Dr. Deepam J. Shah,,,,
5e32fbf4bd47dab09b777d3e,Dr. Vibha Murarka,,,,
5e32fbf4bd47dab09b777d3f,Dr. Jayashree Gupte,,,,
5e32fbf4bd47dab09b777d40,Dr. Gayatri Rao,,,,
5e32fbf4bd47dab09b777d41,Dr. Raghvendra Ramdasi,,,,
5e32fbf4bd47dab09b777d42,Dr. Anjali Shere,,,,
5e32fbf4bd47dab09b777d43,Dr. Amrita Utekar,,,,
5e32fbf4bd47dab09b777d44,Dr. B.R. Ramesh Rao,,,,
5e32fbf4bd47dab09b777d45,Dr. Sandhya Biyani,,,,
5e32fbf4bd47dab09b777d46,Dr. Milind More,,,,
5e32fbf4bd47dab09b777d47,Dr. Dipak D Goradia,,,,
5e32fbf4bd47dab09b777d48,Dr. Shyam Mithiya,,,,
